review_id,place_id,author,rating,review_text,review_date,raw_date,likes,user_images,s3_images,profile_url,profile_picture,s3_profile_picture,owner_responses,created_date,last_modified,last_seen_session,last_changed_session,is_deleted,content_hash,engagement_hash,row_version,sub_ratings,text_en,year,category,category_confidence,sentiment,sentiment_confidence
Ci9DQUlRQUNvZENodHljRjlvT2kxdVVIVjRTMFJWWW5KelRIZDRhM0pKU2xWQ00zYxAB,0x103b921776d4cd3f:0,ServiceCritic,0.0,"Lunch buffet was good, though the spread wasn’t so much. Waiters where out of site in the restaurant, and used plates where littered on my table, I had to call someone’s attention to it before it was clear. It should be so.  The restaurant staff cluster and gist loudly,thereby disturbing the peace and quiet of customers.",2026-01-23 15:03:15+00:00,"5 months ago on
Google",0,"[""https://lh3.googleusercontent.com/grass-cs/ANxoTn3SAKr82g80jYc1FLABZfKf0ijLE9kCFA2sbzneXJCVrPqe-k1or-pXiFOU4e77zkHefaOwHZmZAKPVoOq16BBXeuAnI_v43lAqm4aBv7fxGiEzEJ92nmq9lwfYvKiPYBnIe5gLdz_Nm8dn=w300-h450-p-k-no"", ""https://lh3.googleusercontent.com/grass-cs/ANxoTn2sXnqQt7jLMTkPqz26Mz9Q74P58Mk04CkrnIHNW3tT8WidKyfSepIi_8w4SVNt9cDu421EbIZqL5MnEfnsUxuRj2q1s05zbVX1wW-GG2sHYUHU_RMPaF08eFtsPOBX3OGKqPT9VdrgdPnO=w300-h450-p-k-no""]",,https://www.google.com/maps/contrib/109035510297573098529/reviews?hl=en,https://lh3.googleusercontent.com/a-/ALV-UjWOUg5n5QwzE4UbkoCz2AFLNSJ7NX-LwVtG0NfoVMSIcC3W8dw=w36-h36-p-rp-mo-ba12-br100,,{},2026-06-22T15:03:16.056655+00:00,2026-06-22T15:03:16.056655+00:00,1.0,1.0,0,1443d5c0ad382d5db5a622b9afe78d2852649f3120e8bb6f2cf624aebbe44dfd,3d3bc3d06f185da393e78bc15e715efd29d420d0d7f06c873ef812cfaee116b4,1.0,{},,2026,Staff Related,0.5161,LABEL_1,0.9997
Ci9DQUlRQUNvZENodHljRjlvT25GemVscHFXV2x4ZUU5eGR6UnZUVmw0ZDJaNlJVRRAB,0x103b921776d4cd3f:0,Dola A,0.0,"Poor service at the rooftop buffet. I went to have a meal with family and friends at Marriott’s hotel(rooftop buffet), this was by recommendation however I was completely disappointed. A few of their staff were friendly mainly the waiters, we stood by the suya spot and the chef did not even acknowledge us or ask us what we wanted to eat. I brought this to his attention and he was rude. I would definitely not recommend this place to anybody.",2026-01-23 15:03:20+00:00,"Edited 5 months ago on
Google",0,[],,https://www.google.com/maps/contrib/109493973284729372895/reviews?hl=en,https://lh3.googleusercontent.com/a/ACg8ocLgpn43ekYT27Hfn9kj3TxKu_LebEF7hLuiERxDWqlP6RWptw=w36-h36-p-rp-mo-br100,,{},2026-06-22T15:03:20.706996+00:00,2026-06-22T15:03:20.706996+00:00,1.0,1.0,0,b9d053d8409c66c0a8a7808528c9d0346f6159c98f7bb6d3b2cfc9f310d1c84d,3d3bc3d06f185da393e78bc15e715efd29d420d0d7f06c873ef812cfaee116b4,1.0,{},,2026,Services Related,0.421,LABEL_0,0.9994
Ci9DQUlRQUNvZENodHljRjlvT214S2JtNTJaVGRsWjB0TVNIZEZSamxpTFRCV2FWRRAB,0x103b921776d4cd3f:0,Henryk Fridman,0.0,"I stayed in this hotel during my layover with the crew. It's a quite busy place with various restaurants, spa, gym and pool. The rooms are spacious and clean. Bed is very comfortable. The staff is very friendly and professional.",2026-01-23 15:03:21+00:00,"5 months ago on
Google",0,[],,https://www.google.com/maps/contrib/110156154269598411251/reviews?hl=en,https://lh3.googleusercontent.com/a-/ALV-UjVM-QBRyxytGhtUUIRmK7zTp8yVux0KBE8lxxGceN6bfUijFulY2Q=w36-h36-p-rp-mo-ba12-br100,,{},2026-06-22T15:03:21.495373+00:00,2026-06-22T15:03:21.495373+00:00,1.0,1.0,0,fe2a967473b43ece0a6bed287ac24e7e5b0574fd39d47afe1e592237f3959ed6,3d3bc3d06f185da393e78bc15e715efd29d420d0d7f06c873ef812cfaee116b4,1.0,{},,2026,Room Related,0.4138,LABEL_1,0.9998
Ci9DQUlRQUNvZENodHljRjlvT2xOR1NUVlNUa3RDT1VSaFZITTBOazV5VjNNeU4wRRAB,0x103b921776d4cd3f:0,tt mom2,0.0,"Nice ambiance and amenities...restaurant, bar, etc.....pillows are awful though...rooms starting to show age...shower wasn't as clean and the water was only lukewarm this time..we did the couples journey through the senses 3 hour service at the spa and it was good",2026-01-23 15:03:22+00:00,"5 months ago on
Google",0,[],,https://www.google.com/maps/contrib/105864704737632742122/reviews?hl=en,https://lh3.googleusercontent.com/a/ACg8ocL6Hwjtbmz4yyGWObR98G4NaWcHcgsx3RhXYZwkTM-nIVv1JQ=w36-h36-p-rp-mo-ba12-br100,,{},2026-06-22T15:03:22.373902+00:00,2026-06-22T15:03:22.373902+00:00,1.0,1.0,0,416562ce10fb78b2a072822e3e5898e56eaab19113cd0cc09b292fd073af5ab4,3d3bc3d06f185da393e78bc15e715efd29d420d0d7f06c873ef812cfaee116b4,1.0,{},,2026,Room Related,0.6278,LABEL_1,0.9998
Ci9DQUlRQUNvZENodHljRjlvT21Od1l6Sm5Ua1p3VTJGblRVbzNhRzlEUmxCVk1sRRAB,0x103b921776d4cd3f:0,Tomiwa Adebisi,0.0,"Top Place and well maintained. The only issue was the traffic to get into the building. Besides that, I highly recommend.",2026-01-23 15:03:23+00:00,"5 months ago on
Google",0,[],,https://www.google.com/maps/contrib/112703915510843654673/reviews?hl=en,https://lh3.googleusercontent.com/a-/ALV-UjVcq9Y2AmRRtxKItzbAoxWo4E42Bf29i3YOcE1VTRJFErj6oUi1=w36-h36-p-rp-mo-br100,,{},2026-06-22T15:03:23.576692+00:00,2026-06-22T15:03:23.576692+00:00,1.0,1.0,0,29e1ebd2f45cd479ec123cfe6109e356be119efb4a7c7a6a41e3b4356665e99a,3d3bc3d06f185da393e78bc15e715efd29d420d0d7f06c873ef812cfaee116b4,1.0,{},,2026,Room Related,0.385,LABEL_1,0.9998
Ci9DQUlRQUNvZENodHljRjlvT2tKb2VqQlhSMFpTTkZKZmJsZE9Ra05oZWxsU1NIYxAB,0x103b921776d4cd3f:0,O Ezezika,0.0,"The food and ambience were genuinely excellent and are clear strengths of this hotel.  However, my stay was significantly affected by how a serious comfort issue was handled. I was placed in a room where the air conditioning was not working. Rather than moving me to another room immediately, repair staff were sent around 1:00 a.m., disrupting the night without fixing the problem. I was only moved to another room at approximately 4:00 a.m., after several hours of discomfort and lost sleep.  What was most disappointing is that my complaint was not taken seriously even after the incident. Losing several hours of sleep had a real impact on my wellbeing and productivity the following day.  If you are ever placed in a room where the air conditioner is not working, insist on being moved to another room right away. Delaying relocation in such situations is unacceptable and avoidable.",2026-01-23 15:03:24+00:00,"5 months ago on
Google",0,[],,https://www.google.com/maps/contrib/102050022863778315478/reviews?hl=en,https://lh3.googleusercontent.com/a/ACg8ocLYae1z1MV-cbe3SegqST3DEUCj1BEVGs7RD8PySEAK4bx3WLU=w36-h36-p-rp-mo-br100,,{},2026-06-22T15:03:24.877361+00:00,2026-06-22T15:03:24.877361+00:00,1.0,1.0,0,9176e4b70ffadeff0ca8d43cdd1e2f80d49fb35141be77a22da6ca6c832c97af,3d3bc3d06f185da393e78bc15e715efd29d420d0d7f06c873ef812cfaee116b4,1.0,{},,2026,Room Related,0.5198,LABEL_0,0.9771
Ci9DQUlRQUNvZENodHljRjlvT2taRFl6QkJYMlF3TkdneVVUbHpOVWhWVjNGblFsRRAB,0x103b921776d4cd3f:0,awoleye abraham,0.0,"I went for an event where they offered buffet.  The food tastes good. For the meat, the chicken meat I ate was 65% bone. About the two elevators from the 1st and 2nd car park up to LG and UG etc, sometimes you will stand for up to 10 minutes before it comes to your floor.",2026-01-23 15:03:26+00:00,"5 months ago on
Google",0,"[""https://lh3.googleusercontent.com/grass-cs/ANxoTn3h6fsYGya2-LIXc1y_TSfOv3yRy3WwPROk-7AcVoEe3U_bFjqeIy8iakHGafmFVbk2tbxuRxLoqT1Cw9PnRNN59kQk4u44YnTPy1RtoLtYlbGYML4Hyh1oQlaOUDe6f3vhqLBRHhJITY6c=w600-h450-p-k-no""]",,https://www.google.com/maps/contrib/102803254097420995634/reviews?hl=en,https://lh3.googleusercontent.com/a-/ALV-UjWi_13NAxZpKTik5X-B06vkDZGE33iLid1kdm-1c3wQQHBGZ8Qw2A=w36-h36-p-rp-mo-ba12-br100,,{},2026-06-22T15:03:26.875075+00:00,2026-06-22T15:03:26.875075+00:00,1.0,1.0,0,ee2ad6b34cbb16ba8f308a503683524a70a34c283b2d38733d91e53fdf36b72e,3d3bc3d06f185da393e78bc15e715efd29d420d0d7f06c873ef812cfaee116b4,1.0,{},,2026,Food Related,0.7689,LABEL_1,0.9998
Ci9DQUlRQUNvZENodHljRjlvT25ac1lXOW5kbk5rTWxSNmFITm9iR3R6ZGkxV05VRRAB,0x103b921776d4cd3f:0,Nnamdi Ibemere,0.0,"Beautiful and serene... If you can afford it, it's worth every penny...",2026-01-23 15:03:29+00:00,"5 months ago on
Google",0,[],,https://www.google.com/maps/contrib/114220297334321425229/reviews?hl=en,https://lh3.googleusercontent.com/a-/ALV-UjVYy_bfJA2MNGfoo5H0I8GExj_sxR0p_4xYGl86Uuf3dxUYDak=w36-h36-p-rp-mo-ba12-br100,,{},2026-06-22T15:03:29.763712+00:00,2026-06-22T15:03:29.763712+00:00,1.0,1.0,0,26e39321760bd971237bc4a6a9cba966cbd202fa34c9e75615acbb633c259826,3d3bc3d06f185da393e78bc15e715efd29d420d0d7f06c873ef812cfaee116b4,1.0,{},,2026,Room Related,0.5735,LABEL_1,0.9998
Ci9DQUlRQUNvZENodHljRjlvT2tWalJUUnNkRXRDYVZwSVh6bFVOMnhNWVd4TVpsRRAB,0x103b921776d4cd3f:0,Ogundairo Isaiah,0.0,It was awesome I love the hotel view the rooms were luxury,2026-01-23 15:03:47+00:00,"Edited 5 months ago on
Google",0,"[""https://lh3.googleusercontent.com/grass-cs/ANxoTn0tpTVUJErz9umvejTU9Leki0XoZRbgItJac42MVnifKM7rEnTc8bsfNmnbhde1128ggOfSh386ua2VF8IR6a9k656bID8pxzuvDrFAqfMGB6uNIHWWSJcj-J0E5cKpbcsb2H4LGr48n5um=w600-h450-p-k-no""]",,https://www.google.com/maps/contrib/111900793989663705033/reviews?hl=en,https://lh3.googleusercontent.com/a-/ALV-UjXqqHu0Q4hVhM58yoKrIZfidDieqx0hymisWJPK0i23FMjH1hKa=w36-h36-p-rp-mo-ba12-br100,,{},2026-06-22T15:03:47.312350+00:00,2026-06-22T15:03:47.312350+00:00,1.0,1.0,0,29b438bc63ac7be8a0d9d86021b62a8a793a45230aed74530cf507ee2659a677,3d3bc3d06f185da393e78bc15e715efd29d420d0d7f06c873ef812cfaee116b4,1.0,{},,2026,Room Related,0.8952,LABEL_1,0.9998
ChZDSUhNMG9nS0VJQ0FnSURkdVlfRFZBEAE,0x103b921776d4cd3f:0,Tigerlilly Helen Blyton,0.0,Extremely cosy environment so I'd recommend a shawl during evening events. Good food and enough wide variety of drinks and locations to enjoy within the hotel. Very much like Dubai in Lagos. Perfect for us for a night out were contemplating an anniversary event.  .,2026-01-23 15:04:35+00:00,"Edited 5 months ago on
Google",0,[],,https://www.google.com/maps/contrib/103471811233966250779/reviews?hl=en,https://lh3.googleusercontent.com/a-/ALV-UjWxsk5Rlnk1NN5GR0yOSfDNvrz5ywVdqBDuFTcqeil2InXNmVaH=w36-h36-p-rp-mo-ba12-br100,,{},2026-06-22T15:04:35.363395+00:00,2026-06-22T15:04:35.363395+00:00,1.0,1.0,0,3588fa02220a0ecd2fa329d3e188fe27a3123ebb422085995c5aea0cdc4b0186,3d3bc3d06f185da393e78bc15e715efd29d420d0d7f06c873ef812cfaee116b4,1.0,{},,2026,Food Related,0.6058,LABEL_1,0.9998
Ci9DQUlRQUNvZENodHljRjlvT2pkTVFVNVRiRkpLUjJOQ1duUnBMVU5EVW01VFFWRRAB,0x103b921776d4cd3f:0,Mr Evans,0.0,Overpriced garbage. They must think we in Europe.,2026-01-23 15:05:03+00:00,"5 months ago on
Google",0,[],,https://www.google.com/maps/contrib/102494925514834310792/reviews?hl=en,https://lh3.googleusercontent.com/a/ACg8ocKmMQ4isMotn9pBeVN-q6fT2EvEnkkTzI4fQN3Hr3RA1TocMg=w36-h36-p-rp-mo-ba12-br100,,{},2026-06-22T15:05:04.064399+00:00,2026-06-22T15:05:04.064399+00:00,1.0,1.0,0,2463592a076a7f9ddcaf9b1cdd669ef110b1e2cd062f79d3f6849e8b9383485e,3d3bc3d06f185da393e78bc15e715efd29d420d0d7f06c873ef812cfaee116b4,1.0,{},,2026,Room Related,0.4297,LABEL_0,0.9995
Ci9DQUlRQUNvZENodHljRjlvT2xadllXTlZhMEpQUzBoc1ZUZzFjVFU0WkRrd1lWRRAB,0x103b921776d4cd3f:0,MamaBaker,0.0,Went for a weekday buffet and it was good.,2026-01-23 15:05:16+00:00,"5 months ago on
Google",0,"[""https://lh3.googleusercontent.com/grass-cs/ANxoTn3ArHSj6bTH5HclJ_5MnetNZS5w90oh2tpHoeWNP2JVaUe6PQ5mr4AkYWtuil7zJ0Hg2nT6ofVQ6HMsi83S9Xcvw-KIP_7KXVCuA1jif9nNxsLeyOXiQ3_xCNGJHpLX85WoKzIB88kbTog=w300-h225-p-k-no"", ""https://lh3.googleusercontent.com/grass-cs/ANxoTn3H9JnBoIM0EP3mBU8lKz27Js9OtKyUilRGu8x8W33-1w2Wz7LD9LapceMRLvutZAXm9WsFB-D1Bk6uHf8rr1ow4u3HN6TzHy5trwBeFVHDDmMsi4ZALDZEbibvFnUnPFN9bbmIXlEGAQT6=w300-h225-p-k-no"", ""https://lh3.googleusercontent.com/grass-cs/ANxoTn1xeYZ2CETItWxvsCK5C3HAXdNFNfLg7wedaLkupYpGLWUSoMZPa10H2Xsz1EFu465WGwKkrZWNLioUVH2QLTg4-_jHXL3blT4Zh-FURojVBt6feJyL47q5jUt4pnx-FZYmln6xkbS7Qjrl=w300-h225-p-k-no"", ""https://lh3.googleusercontent.com/grass-cs/ANxoTn3lK88YGf1eFz1AiB53taHm9BIsSEZuF-esK4jToP8l2il7aV6vWy76zd0WU8S9QlQZ-UUHtSOC1ct_xuo5TU6yE1xkqwnmaIbFM7XyLtGs9iaxfIDIseYG7vElQm3bB1bL4bCnKflLGK3W=w300-h225-p-k-no""]",,https://www.google.com/maps/contrib/116477671717843526974/reviews?hl=en,https://lh3.googleusercontent.com/a-/ALV-UjWZ-HnFqFFrpYPceGm2p6j25GM72KJy98D4e1jVIqnncxQE0VI=w36-h36-p-rp-mo-ba12-br100,,{},2026-06-22T15:05:17.042032+00:00,2026-06-22T15:05:17.042032+00:00,1.0,1.0,0,11b57ba4ca84078c63677963e6d965eb9cd49125064600e3363b6e2b936e995a,3d3bc3d06f185da393e78bc15e715efd29d420d0d7f06c873ef812cfaee116b4,1.0,{},,2026,Food Related,0.9507,LABEL_1,0.9998
ChdDSUhNMG9nS0VJQ0FnSUNxMXFIMjNRRRAB,0x103b921776d4cd3f:0,Ade Dayo,0.0,"An amazing place to be. Beautiful scenery and environment, brilliant and creative staff above all premium and exquisite facilities. Also good foods were served under good hygienic environment with maximum from dedicated personnels.",2026-01-23 15:07:48+00:00,"Edited 5 months ago on
Google",2,"[""https://lh3.googleusercontent.com/grass-cs/ANxoTn31LyTBaS8TGqYFkMHKEleP-Jxt78kIVjbgEhyVbmh_If6eGLU9TRNYAZeQS3pujhXU1bwxQoCZy7mjL10lju-9_HUaCuarlIUJ3YvIu4l8PjJdhNqPQ_wa1tZTBN4KiLyoBrwa=w600-h450-p-k-no""]",,https://www.google.com/maps/contrib/116162793041587272909/reviews?hl=en,https://lh3.googleusercontent.com/a/ACg8ocKGlz0qkd9vU-dyrqR0T2TePqjpyC-scwWPF1inKxNn6tdBrt9o=w36-h36-p-rp-mo-ba12-br100,,"{""en"": {""text"": ""Thank you so much for your kind words. we look forward to having you back at our hotel.""}}",2026-06-22T15:07:49.224618+00:00,2026-06-22T15:07:49.224618+00:00,1.0,1.0,0,1a610f884fcb59fc4c3acc759ffd6fd1d14646b260173208748c3d0d73b5804a,979393ef14e0b703a510ce02836eb0600070a4190e51bbddd8a1fc13832c59a8,1.0,{},,2026,Food Related,0.419,LABEL_1,0.9998
Ci9DQUlRQUNvZENodHljRjlvT21kUWFHOW1TblZIZFMxM1MxY3hjMjVhYWxkUmQxRRAB,0x103b921776d4cd3f:0,Jagabeauty,0.0,Well maintained environment-,2026-01-23 15:10:17+00:00,"5 months ago on
Google",0,[],,https://www.google.com/maps/contrib/103334738499881906427/reviews?hl=en,https://lh3.googleusercontent.com/a-/ALV-UjWNGh9p3R0jKmUGLq0kEsVFMv0YUjPC9AVD0feZQ5hof9yEhhaM2w=w36-h36-p-rp-mo-ba12-br100,,{},2026-06-22T15:10:17.471646+00:00,2026-06-22T15:10:17.471646+00:00,1.0,1.0,0,b4385d9ed3d1c6af50d5821dcf2c1bcd4f6710a012f0764a2e1e65700ecf16b9,3d3bc3d06f185da393e78bc15e715efd29d420d0d7f06c873ef812cfaee116b4,1.0,{},,2026,Room Related,0.3792,LABEL_1,0.9997
Ci9DQUlRQUNvZENodHljRjlvT2tWdVptTTRhMnhyZGs0MU16UmtjWE4wTm1WbFRYYxAB,0x103b921776d4cd3f:0,iceland nigeria,0.0,Very nice,2026-01-23 15:12:17+00:00,"5 months ago on
Google",0,[],,https://www.google.com/maps/contrib/112955532210493903310/reviews?hl=en,https://lh3.googleusercontent.com/a-/ALV-UjXEPOy27xS7FuN7ShTAdclJ6DLDzbgtgLhhICUNl7Tlc0NXRy1o=w36-h36-p-rp-mo-ba12-br100,,{},2026-06-22T15:12:17.402386+00:00,2026-06-22T15:12:17.402386+00:00,1.0,1.0,0,90244ea72bc4ba05b5ddf68acfc4e10f36de346e6c3df3945c9c41c88aaa37a4,3d3bc3d06f185da393e78bc15e715efd29d420d0d7f06c873ef812cfaee116b4,1.0,{},,2026,Services Related,0.3279,LABEL_1,0.9998
Ci9DQUlRQUNvZENodHljRjlvT2poeVVsaE9Wemh2VGxwZlRVSlJaR0paYTBjd2NIYxAB,0x103b921776d4cd3f:0,Mayowa Fadoju,0.0,Cool and peaceful place,2026-01-23 15:13:16+00:00,"5 months ago on
Google",0,[],,https://www.google.com/maps/contrib/116411127806100044188/reviews?hl=en,https://lh3.googleusercontent.com/a-/ALV-UjVwrJA67ntyF5Os83lqK7FzMubZ75fFlDTp_jDaENCFwyRidKht=w36-h36-p-rp-mo-ba12-br100,,{},2026-06-22T15:13:17.076135+00:00,2026-06-22T15:13:17.076135+00:00,1.0,1.0,0,b37c30d8644d123583cee1a1ae79dffc86c130e3554bf082ce899dc8ef3be99b,3d3bc3d06f185da393e78bc15e715efd29d420d0d7f06c873ef812cfaee116b4,1.0,{},,2026,Room Related,0.4817,LABEL_1,0.9998
Ci9DQUlRQUNvZENodHljRjlvT25SbVRXaExXV0ZHV1VsVFpVZG9PSGhZYjFOUmIwRRAB,0x103b921776d4cd3f:0,Agboola johnson,0.0,Excellent 👍👌,2026-01-23 15:24:33+00:00,"5 months ago on
Google",0,[],,https://www.google.com/maps/contrib/108764763639488232220/reviews?hl=en,https://lh3.googleusercontent.com/a-/ALV-UjWRYpUXz7qLF5MITqJDLcaBQkHH5ghft8SVxW_aeTtS72jjjOQL=w36-h36-p-rp-mo-ba12-br100,,{},2026-06-22T15:24:33.976504+00:00,2026-06-22T15:24:33.976504+00:00,1.0,1.0,0,43326f702f4817675ded0c5862868d10ca01be9bee343168723272b2550bf39c,3d3bc3d06f185da393e78bc15e715efd29d420d0d7f06c873ef812cfaee116b4,1.0,{},,2026,Room Related,0.2898,LABEL_1,0.9998
Ci9DQUlRQUNvZENodHljRjlvT21KTk0zaG1RbGxwVWtnNGVrWk5aSEZtUTNSVk5YYxAB,0x103b921776d4cd3f:0,Inspirational Digests,0.0,Lovely place to be,2026-01-23 15:25:34+00:00,"5 months ago on
Google",0,[],,https://www.google.com/maps/contrib/113119598637140620499/reviews?hl=en,https://lh3.googleusercontent.com/a-/ALV-UjWM1VhsxFiulAlSUU0rzYDuAXuEKSlpXqNk5OYRXtfXDIBtlRYXQQ=w36-h36-p-rp-mo-ba12-br100,,{},2026-06-22T15:25:34.791514+00:00,2026-06-22T15:25:34.791514+00:00,1.0,1.0,0,b90b3f334db213ae51c19d161253e196cb06adb5c3c394deaa57ecef1bd52f7b,3d3bc3d06f185da393e78bc15e715efd29d420d0d7f06c873ef812cfaee116b4,1.0,{},,2026,Room Related,0.5071,LABEL_1,0.9998
Ci9DQUlRQUNvZENodHljRjlvT2pScGRVRlBPVGhvTFY4d05FY3hTMkZUVW1sTmJtYxAB,0x103b921776d4cd3f:0,Folabi Lawanson,0.0,Loved it,2026-01-23 15:28:16+00:00,"5 months ago on
Google",0,[],,https://www.google.com/maps/contrib/103706443767794516063/reviews?hl=en,https://lh3.googleusercontent.com/a/ACg8ocKF2CNUyiVaNYEqWesKrI853nrPPUTTKr53aZ-H11XpkE-r8A=w36-h36-p-rp-mo-ba12-br100,,{},2026-06-22T15:28:16.808132+00:00,2026-06-22T15:28:16.808132+00:00,1.0,1.0,0,eb228cad023021361f0a1ad9955c215e515ebf2ffb157fbccfe8344ee8562c2e,3d3bc3d06f185da393e78bc15e715efd29d420d0d7f06c873ef812cfaee116b4,1.0,{},,2026,Room Related,0.3761,LABEL_1,0.9997
Ci9DQUlRQUNvZENodHljRjlvT21wRVYya3pOV0pqY1U1eVdIcFVXWGhaWTIxSmNXYxAB,0x103b921776d4cd3f:0,Don Miller,0.0,"Very nice.  And whe. You compare it to outside the compound...almost heaven.   But armed guards use mirrors to check the cab for bombs and your luggage is xrayed and you pass through a metal detector.   If they're trying to make me feel safe,  it ain't working...",2026-02-22 15:03:14+00:00,"4 months ago on
Google",0,"[""https://lh3.googleusercontent.com/grass-cs/ANxoTn29Be29R5s0-sPR-HejWVO_kyTuOu0HGuekvu2h8r2-AszoTmoH1s9OznH8htaQgzC1MYvDiwN1BV_rNunDLC6sXu5OxHfVgNDwpB1orOPF_obakyV9oP-ky8PhDzspmtqIog53-8IWc3Xt=w300-h450-p-k-no"", ""https://lh3.googleusercontent.com/grass-cs/ANxoTn0j_1Ju0DrKwE7tG31KyahL0S6HxhX0367Dtd6lSsAXw42OuOFm2T7trR89jQVo0MKdnF_7o9sGiX0oaZ58Y7MQtA-CzQ_iUbmA9_f_bV9FL-xbxSbF2KVhfuKOrYVKsoF2j1X5lFBqIGw4=w300-h225-p-k-no"", ""https://lh3.googleusercontent.com/grass-cs/ANxoTn3lOXPUldpS5uLg9PVjJ23xaXZRLx2adAKvHmVdIK4S-JR7TYGrRxJ_YcHXCGnLFu4nvry6N9HDGtQwEJV_NsR-PsRC_nVW7kh6-9eEhaB8EQ8CtA6XqlzT14_0rPFgNscvWardgq37Romy=w300-h225-p-k-no""]",,https://www.google.com/maps/contrib/102173539310568564627/reviews?hl=en,https://lh3.googleusercontent.com/a-/ALV-UjXmMa1jfRO-UOMa01em6OxIGK2lv-Ceq7RPU0flh179nJBsEqsXHw=w36-h36-p-rp-mo-ba12-br100,,{},2026-06-22T15:03:14.793259+00:00,2026-06-22T15:03:14.793259+00:00,1.0,1.0,0,593d755d6bd27a6cd708acd9b67a53c8768561367ee418b3ec92515f7a8c93ca,3d3bc3d06f185da393e78bc15e715efd29d420d0d7f06c873ef812cfaee116b4,1.0,{},,2026,Services Related,0.5149,LABEL_1,0.9998
Ci9DQUlRQUNvZENodHljRjlvT2t0WkxVNWlhV2t0YlZOUmFXdGZibU55VjFabVUyYxAB,0x103b921776d4cd3f:0,Kenny,0.0,"My sister made a reservation for me yesterday, but unfortunately I was unable to make it as I was feeling under the weather. She decided to still go ahead for a day staycation on her own, and while trying to request an earlier check in time, the reservation was mistakenly cancelled instead of modified, which resulted in a cancellation fee due to the miscommunication.  The Lagos Marriott Hotel Ikeja has long been one of my sister’s favorite places not only to frequent, but also to recommend to guests who patronize her restaurant, City Diner, a successful fine dining restaurant in Maryland Mende conveniently located less than ten minutes from the hotel. Given her diverse yet very elite international clientele, the hotel consistently remains at the top of her recommendations, as the level of service, caliber of guests, and overall experience closely aligns with what her own guests expect and appreciate.  When I later called to speak on her behalf, the level of professionalism and support we received was truly exceptional. From the General Manager, Mr. Femi Bakare, to his reservations team, Olamide, who was incredibly kind and empathetic, as well as Teju, everyone went above and beyond to resolve the situation with care and understanding.  In my opinion, this speaks volumes about Mr. Bakare’s leadership and his forward facing approach to customer service, which clearly reflects throughout his team. The hotel was already one of our favorites, but the professionalism displayed by this outstanding team, combined with its proximity to the international airport, places the Lagos Marriott Hotel Ikeja firmly at the top of the list of the best hotels in Lagos, especially on the mainland. It is a hotel I will always choose to stay at and confidently recommend. Bravo.",2026-02-22 15:03:15+00:00,"4 months ago on
Google",0,[],,https://www.google.com/maps/contrib/102095001753868834205/reviews?hl=en,https://lh3.googleusercontent.com/a-/ALV-UjXMtF2qeGlUl7EiP1ctvZds9KOISjlzeCS81F6Caa-re66Hk3L8=w36-h36-p-rp-mo-ba12-br100,,{},2026-06-22T15:03:15.371808+00:00,2026-06-22T15:03:15.371808+00:00,1.0,1.0,0,30c76f67228894c3be18d3d53e1e49cf3a78feae19f931f5de0a65414bf58bca,3d3bc3d06f185da393e78bc15e715efd29d420d0d7f06c873ef812cfaee116b4,1.0,{},,2026,Services Related,0.512,LABEL_1,0.9998
Ci9DQUlRQUNvZENodHljRjlvT21kbE9UQmFYelJtYWpoVGFsbzBPVWhQVUVwcFNuYxAB,0x103b921776d4cd3f:0,Temi Olaniyan,0.0,"I stayed at the Marriott at the end of 2025 for about five nights, using a combination of points and cash (cash for 3 nights) at a rate exceeding $300 per night. The hotel was clean, well-maintained, and the amenities were good overall. However, the breakfast experience was deeply concerning. Due to a demanding schedule, I did not have the opportunity to eat breakfast during the first three days of my stay. On the fourth morning—my very first attempt to have breakfast—I was turned away and informed that I was not eligible because part of my stay was paid with points. At this price point, being denied a basic amenity felt unacceptable, regardless of policy. Around the world, loyalty programs are designed to reward guests for redeeming points—not to diminish their experience. While a manager later invited me to return for breakfast, the damage had already been done. It did not feel welcoming, and it did not reflect the standard of hospitality one expects from a global brand. Breakfast is a fundamental part of the guest experience. Loyalty should be valued, not treated as a limitation. I share this as firm but constructive feedback—Marriott can and should do better",2026-02-22 15:03:15+00:00,"4 months ago on
Google",0,[],,https://www.google.com/maps/contrib/115128657123488845573/reviews?hl=en,https://lh3.googleusercontent.com/a-/ALV-UjWxnF88YYnRI2eD3Ej352MeZOpbR_bC2mG5G2tPbSKh1rIBVSq6=w36-h36-p-rp-mo-br100,,{},2026-06-22T15:03:15.558719+00:00,2026-06-22T15:03:15.558719+00:00,1.0,1.0,0,9f070b3b5f8833f3cbadc92342fd0b51aa0a5dbc5f43577d34d73c8b421448f8,3d3bc3d06f185da393e78bc15e715efd29d420d0d7f06c873ef812cfaee116b4,1.0,{},,2026,Services Related,0.3743,LABEL_1,0.9997
Ci9DQUlRQUNvZENodHljRjlvT2xVME1GUmxSelp0YUcxdlVXUnBOVTkyYWpaTFZIYxAB,0x103b921776d4cd3f:0,adenike maryann,0.0,"Beautiful environment, well mannered staff, and a sumptuous finger food. Your safety is their concern at Marriott Hotel Ikeja. I went for a product launch held by Sahco Sifax Travels. You earn the 4star rating.",2026-02-22 15:03:22+00:00,"4 months ago on
Google",0,[],,https://www.google.com/maps/contrib/102797155054825503309/reviews?hl=en,https://lh3.googleusercontent.com/a-/ALV-UjUiVY8H2zObIPF_CHBBLQyFMZsOOS_2QbANoZDWqQls8FEgzvJ3iQ=w36-h36-p-rp-mo-br100,,{},2026-06-22T15:03:22.789927+00:00,2026-06-22T15:03:22.789927+00:00,1.0,1.0,0,6d0466aec40e27e9ac66557e602b7b89a19e264df9c6fb503a9d9685c68d4569,3d3bc3d06f185da393e78bc15e715efd29d420d0d7f06c873ef812cfaee116b4,1.0,{},,2026,Food Related,0.4318,LABEL_1,0.9998
Ci9DQUlRQUNvZENodHljRjlvT2s5M1dpMUNjRnAyVjFoeFQzQlhNVmhoYlVSVU1IYxAB,0x103b921776d4cd3f:0,Ben Benjamin,0.0,"Easy booking online, good location close to airport and secure. Clean premises with clean areas. Space is a slight challenge when compared to other Marriott sites. This is a good place to chill and be seen at but it is rather pricy.",2026-02-22 15:03:23+00:00,"Edited 4 months ago on
Google",0,"[""https://lh3.googleusercontent.com/grass-cs/ANxoTn1o9efpHaRW3Su0wWcy9kWDh83VEKXRcZ7RIwBTOAO7srXYkKtY1UOpn4hqGYaR9FTT60PgDRCJPAitZD9yCN6TDhC35tFGllop7F5UFyIXO5t7e82yWzQOck3vX2VWkyK46aAgHWU1rYm8=w300-h450-p-k-no"", ""https://lh3.googleusercontent.com/grass-cs/ANxoTn3GEwXWXWyRQsY8f3mCJSBW6hwRjAUD5pmLRbTmfT6_FYpK45vocFSRsdJItHy6yWaXRk6u7vLEl_TaU4Bo5c0HznpiZll7OqJwwV1ESKKUghqPhoahAOYxUN5UyqzhjllblVaJ8T8H_Eg=w300-h225-p-k-no"", ""https://lh3.googleusercontent.com/grass-cs/ANxoTn3bXUKsO74v_wdQKhfjg5W2bHddrBgC0xu49qZ4ri45cjXVufkZ0-DBgJT6IPUnrqXpEjeGHa7Fttc5CEQKYkweHfZC_HFrCrf_xc2TttN6MO9Ys83KEO7PYjGooBssv2SES8OnsfuXvbQ=w300-h225-p-k-no""]",,https://www.google.com/maps/contrib/101256981532365894855/reviews?hl=en,https://lh3.googleusercontent.com/a/ACg8ocJ0Mexhx6r1nJghzYKBELV0jL7OqcXlwlCJBuaBc9X4gsTmOw=w36-h36-p-rp-mo-ba12-br100,,{},2026-06-22T15:03:23.340155+00:00,2026-06-22T15:03:23.340155+00:00,1.0,1.0,0,9265ad4256771207789d25eaf562313424f54e17f4f5e318aaf8382a90582493,3d3bc3d06f185da393e78bc15e715efd29d420d0d7f06c873ef812cfaee116b4,1.0,{},,2026,Room Related,0.6032,LABEL_1,0.9998
Ci9DQUlRQUNvZENodHljRjlvT2tOVVVtOVFPRVpJWVdabFpWUmtUVmRSZW01UFNWRRAB,0x103b921776d4cd3f:0,Ayangbesan TOluwalope,0.0,"This is more than a 7 ⭐. The security is 100%. The experience was awesome.  It is a place to be again and again if you have the money.  If you want to experience luxury lifestyle and a safe place, I recommend this place.",2026-02-22 15:03:27+00:00,"4 months ago on
Google",0,[],,https://www.google.com/maps/contrib/108562080675515067852/reviews?hl=en,https://lh3.googleusercontent.com/a-/ALV-UjX4j6FR-FIPc9Ez3noufBvjMKxz6lu822nAi4L3S_frlg2vABO8hw=w36-h36-p-rp-mo-ba12-br100,,{},2026-06-22T15:03:27.321838+00:00,2026-06-22T15:03:27.321838+00:00,1.0,1.0,0,419402160f3b06e6270ca6ec05dbd51433f64296d25bada6612bb2f7cf0ea62d,3d3bc3d06f185da393e78bc15e715efd29d420d0d7f06c873ef812cfaee116b4,1.0,{},,2026,Room Related,0.4195,LABEL_1,0.9998
Ci9DQUlRQUNvZENodHljRjlvT25JMlpIbHFORmM1TFZkTGRtSjFUMk5PY1VrMlJrRRAB,0x103b921776d4cd3f:0,Akosua Kumi Gyabaah,0.0,Excellent customerservice from Felix! He made my arrival in Lagos after a long flight a wonderful experience,2026-02-22 15:03:28+00:00,"4 months ago on
Google",0,[],,https://www.google.com/maps/contrib/101681421008933556068/reviews?hl=en,https://lh3.googleusercontent.com/a-/ALV-UjUQDzk4wCmNc5AJeh2dFPacAmvd0n-GtbDnWc9D5eBN5jnU7Vs9=w36-h36-p-rp-mo-br100,,{},2026-06-22T15:03:28.347944+00:00,2026-06-22T15:03:28.347944+00:00,1.0,1.0,0,8c3776a16b5b169c8fe7dd6f1f3db890bd61326114476d248a70e2dbb99ff129,3d3bc3d06f185da393e78bc15e715efd29d420d0d7f06c873ef812cfaee116b4,1.0,{},,2026,Services Related,0.9378,LABEL_1,0.9998
Ci9DQUlRQUNvZENodHljRjlvT2tGNWRIbG1WbnBDUTBWRlRHaGtZbU5YTmxGcFJWRRAB,0x103b921776d4cd3f:0,a j,0.0,Rooms are hot the air conditioning system does NOT work it’s been broken for WEEKS! To add to it roaches have been seen creepy crawling in the rooms and the restaurants! Don’t say I didn’t warn you! Oh and none of the staff CARES!,2026-02-22 15:03:29+00:00,"4 months ago on
Google",0,[],,https://www.google.com/maps/contrib/117138198968719863676/reviews?hl=en,https://lh3.googleusercontent.com/a/ACg8ocJKgxEcXZIyER0Qjh1X0daqnJ8IPqaw4Mwv7kGAXt76eNHBMqbh=w36-h36-p-rp-mo-ba12-br100,,{},2026-06-22T15:03:29.998085+00:00,2026-06-22T15:03:29.998085+00:00,1.0,1.0,0,fc47cc5762242011e9bf8eb5cd7fe4a128ad095350535a55084393a52e243c48,3d3bc3d06f185da393e78bc15e715efd29d420d0d7f06c873ef812cfaee116b4,1.0,{},,2026,Room Related,0.9428,LABEL_1,0.9994
Ci9DQUlRQUNvZENodHljRjlvT2tZNFNWQnpTR2M0UWtkWU5VaFlkV0ZJTm01emFsRRAB,0x103b921776d4cd3f:0,shawlabrai,0.0,"I attended a one day womany conference and didn't spend the night but the hall was top quality. The quality of the chairs, restrooms, parking and safety protocols were impressive",2026-02-22 15:03:29+00:00,"4 months ago on
Google",0,[],,https://www.google.com/maps/contrib/113249125897766316160/reviews?hl=en,https://lh3.googleusercontent.com/a-/ALV-UjWM7eORYlgqcOII8qWprY-_9fXnYxtQyk-lGmaU14egwRBKYRi1=w36-h36-p-rp-mo-ba12-br100,,{},2026-06-22T15:03:29.554240+00:00,2026-06-22T15:03:29.554240+00:00,1.0,1.0,0,dca143dd4623e64fc228c260bbdf80b5d6b5e1cf4e3aa05b551d45079a28f925,3d3bc3d06f185da393e78bc15e715efd29d420d0d7f06c873ef812cfaee116b4,1.0,{},,2026,Room Related,0.542,LABEL_1,0.9998
Ci9DQUlRQUNvZENodHljRjlvT210RGFYWmZZalJ1YUV4bFNrNDNObFUzVkZkdVUwRRAB,0x103b921776d4cd3f:0,Henry Humphrey,0.0,"Outstanding experience! Clean rooms, excellent service, great ambiance, and very comfortable. Highly recommended.",2026-02-22 15:03:30+00:00,"4 months ago on
Google",0,[],,https://www.google.com/maps/contrib/115429129795184947592/reviews?hl=en,https://lh3.googleusercontent.com/a-/ALV-UjUm4E6848_pWh_-yZtDAMppzgwZQTp7T2fomA9c8p3Max8R-aAL=w36-h36-p-rp-mo-ba12-br100,,{},2026-06-22T15:03:30.619856+00:00,2026-06-22T15:03:30.619856+00:00,1.0,1.0,0,8b6082fe7b90d1824031a1b17df31295d4f68fb7d9a2f11fad3c19bb1fad4355,3d3bc3d06f185da393e78bc15e715efd29d420d0d7f06c873ef812cfaee116b4,1.0,{},,2026,Room Related,0.529,LABEL_1,0.9998
ChZDSUhNMG9nS0VJQ0FnSUR2eDgyVFVBEAE,0x103b921776d4cd3f:0,Confidence Udoh,0.0,"Went there for a Buffet dinner and well, it was ok. I ate to my fill, several rounds, there really is no limit. But that you have to pay extra for drinks like juice and wines, that I think is not cool, cause they can be quite expensive.",2026-02-22 15:03:32+00:00,"Edited 4 months ago on
Google",0,[],,https://www.google.com/maps/contrib/114430284976843212932/reviews?hl=en,https://lh3.googleusercontent.com/a-/ALV-UjWRQH0wQvbHe4sR-Y2tFwkNLKNSYVqsR83T47JAL5m_zDDSJpFy=w36-h36-p-rp-mo-ba12-br100,,{},2026-06-22T15:03:32.854237+00:00,2026-06-22T15:03:32.854237+00:00,1.0,1.0,0,ef9dc3c9394007c7f1590ef818d167550ff8c7c8cfc363be6dce232d94d3db49,3d3bc3d06f185da393e78bc15e715efd29d420d0d7f06c873ef812cfaee116b4,1.0,{},,2026,Food Related,0.8343,LABEL_1,0.9998
Ci9DQUlRQUNvZENodHljRjlvT2pGVmMyWldValJVWmxGTVYzTlhTamd0UkhWc1MzYxAB,0x103b921776d4cd3f:0,ONYENEKE CHIMA,0.0,"Nice environment, views and room service.... But there's no swimming pool available 😭",2026-02-22 15:03:33+00:00,"4 months ago on
Google",0,[],,https://www.google.com/maps/contrib/109338656166123389238/reviews?hl=en,https://lh3.googleusercontent.com/a/ACg8ocKajSeYKzr6ijIvV9zr8lDdArFn2ESfDzUrqWDQMSUuNnEuqw=w36-h36-p-rp-mo-ba12-br100,,{},2026-06-22T15:03:34.025463+00:00,2026-06-22T15:03:34.025463+00:00,1.0,1.0,0,8e87bcf0aed3c40ee18e6ad797509ad501e0610d46fc285deb2892bd4fdf4f7b,3d3bc3d06f185da393e78bc15e715efd29d420d0d7f06c873ef812cfaee116b4,1.0,{},,2026,Room Related,0.5462,LABEL_0,0.9994
Ci9DQUlRQUNvZENodHljRjlvT25wSVkwUlZNMjVVVDJ0ak0xTlBTRTVqYlVscVFVRRAB,0x103b921776d4cd3f:0,Giovanna O'Neal,0.0,It might be the nicest hotel in the area. The onsite restaurants are delicious.,2026-02-22 15:03:34+00:00,"4 months ago on
Google",0,[],,https://www.google.com/maps/contrib/117231999431715339605/reviews?hl=en,https://lh3.googleusercontent.com/a-/ALV-UjU2g8ihlvf8FRsuwQNDeYmK6iPNGqaU3n_Zw6YqqwSfv4N5olZOVQ=w36-h36-p-rp-mo-ba12-br100,,{},2026-06-22T15:03:34.946619+00:00,2026-06-22T15:03:34.946619+00:00,1.0,1.0,0,58bf71a84fb7fe6fdbfee57685796e955b2632b5c2360c161eb33d659d7972a3,3d3bc3d06f185da393e78bc15e715efd29d420d0d7f06c873ef812cfaee116b4,1.0,{},,2026,Food Related,0.8332,LABEL_1,0.9998
Ci9DQUlRQUNvZENodHljRjlvT2xGdU5WUklSMnhZVUdsSGQyNVFPVkJZVkhSTFZtYxAB,0x103b921776d4cd3f:0,Awop Gold,0.0,Great place with lots of facility and a good environment but for traffic prown area,2026-02-22 15:03:36+00:00,"4 months ago on
Google",0,[],,https://www.google.com/maps/contrib/118395555952353690177/reviews?hl=en,https://lh3.googleusercontent.com/a-/ALV-UjUiLRKJWkfv9aLw05QdpiZ7zMqFJljBGOdKOpoIv3vZ_ZHvtd7u=w36-h36-p-rp-mo-ba12-br100,,{},2026-06-22T15:03:36.750729+00:00,2026-06-22T15:03:36.750729+00:00,1.0,1.0,0,4871c51c88d3aaafcb7246ea5f23aa438cd37b155b2ceb8c1ebda3355d407d98,3d3bc3d06f185da393e78bc15e715efd29d420d0d7f06c873ef812cfaee116b4,1.0,{},,2026,Room Related,0.5987,LABEL_1,0.9998
Ci9DQUlRQUNvZENodHljRjlvT2xscFJHbDVWM0ZzVjFBelkydFBURmhXVHpSRFMwRRAB,0x103b921776d4cd3f:0,MNL,0.0,"Impressed by the luxurious ambiance of the hotel, keep up the good work. The standard remains same regardless the location.",2026-02-22 15:03:36+00:00,"4 months ago on
Google",0,[],,https://www.google.com/maps/contrib/101103680328621539189/reviews?hl=en,https://lh3.googleusercontent.com/a/ACg8ocKGuAC4rVQbXSg2iLj--y-fLdTEbcg_PoWKBUTPvJGR4m8YTw=w36-h36-p-rp-mo-br100,,{},2026-06-22T15:03:36.966825+00:00,2026-06-22T15:03:36.966825+00:00,1.0,1.0,0,a5e3b000a64c206ab64ebd127dc63334036e34096102fdca5afbd6d3e135549a,3d3bc3d06f185da393e78bc15e715efd29d420d0d7f06c873ef812cfaee116b4,1.0,{},,2026,Room Related,0.3826,LABEL_1,0.9998
Ci9DQUlRQUNvZENodHljRjlvT2tKTk1YZEdlVnBrUkZsSk9GRkpSbG95WDJ0UVRYYxAB,0x103b921776d4cd3f:0,Hassan Saleh,0.0,Hotel was clean and staff courteous. The meal at Koriko & co buffet was yummy and room was cozy,2026-02-22 15:03:38+00:00,"4 months ago on
Google",0,"[""https://lh3.googleusercontent.com/grass-cs/ANxoTn3SmmBwMQ4_d9-CX_1x09RAkIgw0E3B9tqb1ozkf__dWAkSbPkQJNREszNTnxvm8hZP_czK8g3qULHFhOs9s8CJOXxJEgqzaSq725XvfKJdngeUJAM5_rezck8s6eDGapsifzf125YYrDeR=w300-h225-p-k-no"", ""https://lh3.googleusercontent.com/grass-cs/ANxoTn2qTWML4KX2zPzQn-ndLlXPJjezPuDAdfdAoS5jzKrx5McF37llvEj8dq7GyRVv73oo8GEerMln1UHZYeSH1c3V0Mg6AHXZuvxwyohsK0nb6NwREHqMVUlhurY4Lr4uZ9efkXRKhOBqT7A=w300-h225-p-k-no"", ""https://lh3.googleusercontent.com/grass-cs/ANxoTn2E_x8m5Kxt4g8QZz8Z6X88zXH9hK37FZJrJdp_fZFPdc-LSd1mrzAfaa-6Y7wCZ5xa0RhWHU4ebYcmtzvJ3kLleL6Gm2Lu3gBDlOWA-aoqIWdMjP4u1btEOWe55ii8-RFqGnInd_VvTWEE=w300-h225-p-k-no"", ""https://lh3.googleusercontent.com/grass-cs/ANxoTn2ev_SE3agIRMR6VrtdgqBgqPhkvkYeWMvsAleh_7KMTJrNeQrMa82QoxfsGbLJrQAzVwtiiR6q7VQrISeV0vlsjiGpHO_adNEN7RzMlYFQUVEtRpz67vvFVvbehKGq4F_B0Ru3EHXiVgU=w300-h225-p-k-no""]",,https://www.google.com/maps/contrib/114972503917773274143/reviews?hl=en,https://lh3.googleusercontent.com/a-/ALV-UjVA9mwyWcSGpZNdAkMjobyOK5OgUpuWf0mQQ7yiXZL5kS8ZQtOM=w36-h36-p-rp-mo-ba12-br100,,{},2026-06-22T15:03:38.153192+00:00,2026-06-22T15:03:38.153192+00:00,1.0,1.0,0,25de2a8615259f6960beec7313c85559a59bef96f32d9ff6fd0b24f4a0651b98,3d3bc3d06f185da393e78bc15e715efd29d420d0d7f06c873ef812cfaee116b4,1.0,{},,2026,Food Related,0.5027,LABEL_1,0.9998
Ci9DQUlRQUNvZENodHljRjlvT2tscE0wZG9VR1ZOUjFCMmRGQkhlamxwYmxkVlVYYxAB,0x103b921776d4cd3f:0,Dimma Dimma,0.0,"I saw cobwebs in the room I stayed.i was highly disappointed.after paying such amount of money,the cleaners couldn't do their job properly.",2026-02-22 15:03:50+00:00,"4 months ago on
Google",0,[],,https://www.google.com/maps/contrib/104050555026238387882/reviews?hl=en,https://lh3.googleusercontent.com/a/ACg8ocJ8eBlWlFO-xigu0FYmk04_PRlkOTlolmwKqGg6kgGfTp6F_Q=w36-h36-p-rp-mo-br100,,{},2026-06-22T15:03:50.968955+00:00,2026-06-22T15:03:50.968955+00:00,1.0,1.0,0,aa4dc7a48622754038f1803449ebdfa79f33dc3046922ef6c8d6c0045c3f7343,3d3bc3d06f185da393e78bc15e715efd29d420d0d7f06c873ef812cfaee116b4,1.0,{},,2026,Room Related,0.6123,LABEL_0,0.9994
Ci9DQUlRQUNvZENodHljRjlvT25KdFQzcFVaV0ptYm14RlF6UXdZamcyTVZoalYzYxAB,0x103b921776d4cd3f:0,Funme Ajibade,0.0,"It was a great experience.  However, I went there for a program.",2026-02-22 15:03:53+00:00,"4 months ago on
Google",0,[],,https://www.google.com/maps/contrib/118034693255746531625/reviews?hl=en,https://lh3.googleusercontent.com/a/ACg8ocIzxGTrerQHkEB1vN39M6-xcapsZZS9r7qogtT8VZQ5B-gi-Q=w36-h36-p-rp-mo-br100,,{},2026-06-22T15:03:53.791790+00:00,2026-06-22T15:03:53.791790+00:00,1.0,1.0,0,81b1799a5e0d91742b91635d64518fee9a7088871492f496219d73a9adb4a8ec,3d3bc3d06f185da393e78bc15e715efd29d420d0d7f06c873ef812cfaee116b4,1.0,{},,2026,Room Related,0.3746,LABEL_1,0.9997
Ci9DQUlRQUNvZENodHljRjlvT2w5NmJVcERRVWd4Wm01UmFWcHlPSFpNVTAxQlVWRRAB,0x103b921776d4cd3f:0,Olurotimi Arigbede,0.0,Great experience. But the pool is small,2026-02-22 15:03:54+00:00,"4 months ago on
Google",0,[],,https://www.google.com/maps/contrib/110552288217782723602/reviews?hl=en,https://lh3.googleusercontent.com/a-/ALV-UjW0tCQZ5GhVq0gSzcRR9AR8WcymqDF390S9FPpLd15yl6R9IC9cUQ=w36-h36-p-rp-mo-ba12-br100,,{},2026-06-22T15:03:54.291751+00:00,2026-06-22T15:03:54.291751+00:00,1.0,1.0,0,e6ef9102c628884871b9fea3aff4571b54900aea2d7585968fe2009c15bdfa70,3d3bc3d06f185da393e78bc15e715efd29d420d0d7f06c873ef812cfaee116b4,1.0,{},,2026,Room Related,0.4794,LABEL_1,0.9998
Ci9DQUlRQUNvZENodHljRjlvT2twdVQxUXdkRmw0UmxJNFJURTVTbVppVTA1VFlrRRAB,0x103b921776d4cd3f:0,Pedro,0.0,"A very good hôtel, very clean and the location is good",2026-02-22 15:04:07+00:00,"4 months ago on
Google",0,[],,https://www.google.com/maps/contrib/103856418822776624600/reviews?hl=en,https://lh3.googleusercontent.com/a-/ALV-UjXleFGDvQLr1PCJaNW0tZ_St_xeq5ZRqZFAcZBjBhA2H9ce-u0=w36-h36-p-rp-mo-ba12-br100,,{},2026-06-22T15:04:07.455751+00:00,2026-06-22T15:04:07.455751+00:00,1.0,1.0,0,9638b61be3359fdcbb686b823667be196e315bbc5fe26086b3adf68f3d9a2fff,3d3bc3d06f185da393e78bc15e715efd29d420d0d7f06c873ef812cfaee116b4,1.0,{},,2026,Room Related,0.7935,LABEL_1,0.9998
Ci9DQUlRQUNvZENodHljRjlvT25KSFlqZERVSFl5VG5OcVNVaERVVXhOWVVGeFZWRRAB,0x103b921776d4cd3f:0,Henry Oyeyinka,0.0,The experience is top notch,2026-02-22 15:05:00+00:00,"4 months ago on
Google",0,"[""https://lh3.googleusercontent.com/grass-cs/ANxoTn2PEKZTXlPELh_zVkqpwZt3nnqYcIdbv29ZM7NMd7etGTuWfgOf50dm_vc-JdjzYsQRMnaGCSZRZGjREEmezipLURM8boUlSCRFRvU9-V9F9Chp7ukDv6SXWbzAk6KNLnov0nPdClwWaFEz=w600-h450-p-k-no""]",,https://www.google.com/maps/contrib/118039134531083382452/reviews?hl=en,https://lh3.googleusercontent.com/a-/ALV-UjX0WWqGQK7ZqVOWR9F0xztuHqkz9ChN6gpGRYRMUmFtFrTtvZbO=w36-h36-p-rp-mo-br100,,{},2026-06-22T15:05:00.953630+00:00,2026-06-22T15:05:00.953630+00:00,1.0,1.0,0,586a8dfc04f676724d7caaaecea9cebd83a5e2f4041996aab95911a31bf331ca,3d3bc3d06f185da393e78bc15e715efd29d420d0d7f06c873ef812cfaee116b4,1.0,{},,2026,Room Related,0.3338,LABEL_1,0.9997
Ci9DQUlRQUNvZENodHljRjlvT2xNdFExbzNNRkJ5WDJKYVRtVTBUR2xyWVZST0xXYxAB,0x103b921776d4cd3f:0,LEXY ISAAC,0.0,"One of the very best, if not the best",2026-02-22 15:05:12+00:00,"4 months ago on
Google",0,[],,https://www.google.com/maps/contrib/112037456572551370678/reviews?hl=en,https://lh3.googleusercontent.com/a-/ALV-UjUBzK0UBNOHX4DmbIbOpoG6YdOVa1q5nugHcMGBYxTvezszwUtL=w36-h36-p-rp-mo-ba12-br100,,{},2026-06-22T15:05:12.633641+00:00,2026-06-22T15:05:12.633641+00:00,1.0,1.0,0,946dd84373f90d02c9a91d1a52af6d290b4fca44728a0f72868eca00a975fd80,3d3bc3d06f185da393e78bc15e715efd29d420d0d7f06c873ef812cfaee116b4,1.0,{},,2026,Room Related,0.3652,LABEL_1,0.9997
ChdDSUhNMG9nS0VJQ0FnSUNPc19HR2xnRRAB,0x103b921776d4cd3f:0,Silas Okwoche,0.0,"Great location not far from the local & intl airport in Ikeja GRA. Good coffee, good wifi, good intl service.",2026-02-22 15:05:21+00:00,"Edited 4 months ago on
Google",0,[],,https://www.google.com/maps/contrib/100631963267649823135/reviews?hl=en,https://lh3.googleusercontent.com/a-/ALV-UjWZYNjjqcTLp1lCWUU7mazUujPnT8DwISFtxm_9751V7FCM2nyc=w36-h36-p-rp-mo-ba12-br100,,"{""en"": {""text"": ""Thank you for the great rating.""}}",2026-06-22T15:05:22.023292+00:00,2026-06-22T15:05:22.023292+00:00,1.0,1.0,0,3026aa8db49aedbaa963e720de99376639930c783249e51b67013af0a05b31e3,fb2ec37e9f0a36af1965d9127aa180af94a8b83ff29c24de8241beb7e8ac57e9,1.0,{},,2026,Services Related,0.8578,LABEL_1,0.9998
Ci9DQUlRQUNvZENodHljRjlvT201RlIzQm9VMWxOTjI1V2VHWmpTVGx1TFc0eWNtYxAB,0x103b921776d4cd3f:0,Jide Ogunleye,0.0,Always a great consistent experience,2026-02-22 15:05:38+00:00,"4 months ago on
Google",0,[],,https://www.google.com/maps/contrib/102115813170956522027/reviews?hl=en,https://lh3.googleusercontent.com/a-/ALV-UjWkRrglta1OiXYIdyrIurS2jDIuMvOmX_9FrjErxy44ACRfL-CFYA=w36-h36-p-rp-mo-ba12-br100,,{},2026-06-22T15:05:38.241940+00:00,2026-06-22T15:05:38.241940+00:00,1.0,1.0,0,386d6b9cb6b98c3d972a1fa79d54775eb8b3ef9b9935956632c872bc85a708ae,3d3bc3d06f185da393e78bc15e715efd29d420d0d7f06c873ef812cfaee116b4,1.0,{},,2026,Services Related,0.3422,LABEL_1,0.9997
Ci9DQUlRQUNvZENodHljRjlvT2toc1pVWkpMV05tUzNGWVZuUldhRk5DV25oeVZFRRAB,0x103b921776d4cd3f:0,Adam Adamović,0.0,Very nice !,2026-02-22 15:14:34+00:00,"4 months ago on
Google",0,[],,https://www.google.com/maps/contrib/105858867179381013078/reviews?hl=en,https://lh3.googleusercontent.com/a/ACg8ocJ155gJgtP3dFrwTkfioHOe0nEjI3O2nyT21CQlF6BI7swPqw=w36-h36-p-rp-mo-ba12-br100,,{},2026-06-22T15:14:35.079549+00:00,2026-06-22T15:14:35.079549+00:00,1.0,1.0,0,8e36ca71fc9ce63485b6a5b5a8dd713d6f307eb06b3a4d9da366b715f353b8e7,3d3bc3d06f185da393e78bc15e715efd29d420d0d7f06c873ef812cfaee116b4,1.0,{},,2026,Services Related,0.3306,LABEL_1,0.9997
ChZDSUhNMG9nS0VJQ0FnTUNZdXMzU0R3EAE,0x103b921776d4cd3f:0,Ada Matthews,0.0,Nice experience. Wanted to go to Wakame but couldn't,2026-02-22 15:15:24+00:00,"Edited 4 months ago on
Google",0,[],,https://www.google.com/maps/contrib/110919420875239274857/reviews?hl=en,https://lh3.googleusercontent.com/a-/ALV-UjWrWAZqUFvfyVHW4-35CyjZfQbH_Gab13wt9eFS2TaaDnsogcdnUg=w36-h36-p-rp-mo-ba12-br100,,{},2026-06-22T15:15:25.132409+00:00,2026-06-22T15:15:25.132409+00:00,1.0,1.0,0,41beb8510779fe54ca1db2d4dba5dfb4bdc02b34e9745021902ed384dbe3b43c,3d3bc3d06f185da393e78bc15e715efd29d420d0d7f06c873ef812cfaee116b4,1.0,{},,2026,Food Related,0.4057,LABEL_1,0.9998
Ci9DQUlRQUNvZENodHljRjlvT21JdFdDMVNNbTlMT0hGeU9VMTBiMU5ZWm5Oa1JXYxAB,0x103b921776d4cd3f:0,mary moyegun,0.0,Very relaxing 😌,2026-02-22 15:20:52+00:00,"4 months ago on
Google",0,[],,https://www.google.com/maps/contrib/105104102389267206043/reviews?hl=en,https://lh3.googleusercontent.com/a-/ALV-UjUDfuEgheF5GVymGVCBnZcMEfiamvvk9WFWYinYyujPHeZ7-1u1gA=w36-h36-p-rp-mo-ba12-br100,,{},2026-06-22T15:20:53.034114+00:00,2026-06-22T15:20:53.034114+00:00,1.0,1.0,0,3b70ebea8eabab83050f62c2a04c7ea7733815320391eb573220136717083ce1,3d3bc3d06f185da393e78bc15e715efd29d420d0d7f06c873ef812cfaee116b4,1.0,{},,2026,Room Related,0.4431,LABEL_1,0.9998
Ci9DQUlRQUNvZENodHljRjlvT25CcE0yTndUbkpLYldSdllUZExWUzFFWkV4VWRIYxAB,0x103b921776d4cd3f:0,SAMTEEMEDIA,0.0,Happy Val @MARRIOTT HOTEL,2026-02-22 15:21:44+00:00,"Edited 4 months ago on
Google",0,"[""https://lh3.googleusercontent.com/grass-cs/ANxoTn2p5eop1kKNrJnWmLsnJg-3J7wf67gPNgM4cHMpUxc_46vDE2ESx-royPh_DmzsQgq85LaDV4rCW09d9wYDjjXwvNysCSXb4H6h-5wCo7VRMxxEQwXqURCD0uAuwWfb9yuTPMDIwS20HBu7=w300-h225-p-k-no"", ""https://lh3.googleusercontent.com/grass-cs/ANxoTn1SHcMDPnLYUVw4iDoVkiXAhOzvfxrnqhh3vJx-qTMSYETyMq6O4c3UB8RV4U-tQIK-zKUJuugZw3DNvPA4-giGfqF0Y_Ps3ZA9qy80WDnFY-vH3bdn-nzWkv2gfeeAI_ANlZDKJi7yJK-Q=w300-h225-p-k-no"", ""https://lh3.googleusercontent.com/grass-cs/ANxoTn0eBrSCzi05CQeCsqUvfXQloCywr6RMlNRBoBGQh1I_eE6xlO3I79o47wnBQTf28PZ2GsKUbHbLQBY4J97Lfq0c67IHH79gqbxJBmmStz5K1My-2mCuPn8PpvuOnVFsoGXltuYxT7V2sw08=w300-h225-p-k-no"", ""https://lh3.googleusercontent.com/grass-cs/ANxoTn2HKxSshsoHlBJbHEVF6e8u-LVEH5cQPuhQA__P7mA3YnwF54DAqj60g3OjBrj6EduvdpZNMFZABt-AWOJc9VqbgM98_WryU-knPM8S4XoSvzQCeAlnvlAvNcLktNue4fH5MyoQQadHuXk=w300-h225-p-k-no""]",,https://www.google.com/maps/contrib/109256764794549993442/reviews?hl=en,https://lh3.googleusercontent.com/a-/ALV-UjUOL1TAJ8mcSRhjdcI-fywnLVRaiK3qtIJED5GcRD25LwTfxVw=w36-h36-p-rp-mo-ba12-br100,,{},2026-06-22T15:21:44.835727+00:00,2026-06-22T15:21:44.835727+00:00,1.0,1.0,0,b99c43c95d7cdc2f8ae495a497f32e091f684c42945c80cdb0022b41e7a93f7e,3d3bc3d06f185da393e78bc15e715efd29d420d0d7f06c873ef812cfaee116b4,1.0,{},,2026,Room Related,0.4062,LABEL_1,0.9997
Ci9DQUlRQUNvZENodHljRjlvT2tKTFpGZFdibEpRWDJZeFNrcHNUVEU1V0dWdGNrRRAB,0x103b921776d4cd3f:0,Adekunle Adebayo Adelaja,0.0,Awesome Place to be!,2026-02-22 15:21:45+00:00,"4 months ago on
Google",0,[],,https://www.google.com/maps/contrib/100810480510260404540/reviews?hl=en,https://lh3.googleusercontent.com/a-/ALV-UjX9FGbNQZEL5Hg_Q3PeH9oWHXNWFoB5DtkLYyK3Q0m8IdKkIFZz=w36-h36-p-rp-mo-ba12-br100,,{},2026-06-22T15:21:45.401808+00:00,2026-06-22T15:21:45.401808+00:00,1.0,1.0,0,d8e7d81a2b1db5611e66707c2c7115f8fc7a3c951f7e0e34c21fe2d4eaa87487,3d3bc3d06f185da393e78bc15e715efd29d420d0d7f06c873ef812cfaee116b4,1.0,{},,2026,Room Related,0.4683,LABEL_1,0.9998
Ci9DQUlRQUNvZENodHljRjlvT2pSNE9VWkNWRXB3TmpOYVMzUmplRzUzTVc1TU1WRRAB,0x103b921776d4cd3f:0,Eedris Haryormide,0.0,Nice experience,2026-02-22 15:25:55+00:00,"4 months ago on
Google",0,[],,https://www.google.com/maps/contrib/109753991576257648304/reviews?hl=en,https://lh3.googleusercontent.com/a-/ALV-UjWwlQfePRcSb-x6QMHJHle5XPUAiDtRyGdeRCAkf7RW8aOx2gk=w36-h36-p-rp-mo-br100,,{},2026-06-22T15:25:55.317660+00:00,2026-06-22T15:25:55.317660+00:00,1.0,1.0,0,54ca22e5ba76d4572ba6d791d50003b8c2edd36ae526a620575d733b7c9a9d64,3d3bc3d06f185da393e78bc15e715efd29d420d0d7f06c873ef812cfaee116b4,1.0,{},,2026,Services Related,0.3763,LABEL_1,0.9998
Ci9DQUlRQUNvZENodHljRjlvT2tWblUzQnVRVWd0VTJwSFZqUkxSRU0wVGpOcE4wRRAB,0x103b921776d4cd3f:0,Jude Jonathan,0.0,Nice and smooth,2026-02-22 15:26:51+00:00,"4 months ago on
Google",0,[],,https://www.google.com/maps/contrib/105907347011128865980/reviews?hl=en,https://lh3.googleusercontent.com/a-/ALV-UjXHKC2MgIMjbeV_Z9ihTiqCCdGKXYSbj2kCaN1Idj7w4E06Qdo=w36-h36-p-rp-mo-br100,,{},2026-06-22T15:26:52.059144+00:00,2026-06-22T15:26:52.059144+00:00,1.0,1.0,0,a551e29aa1eabe0b469a43986e4dbfd51828ef3aced847650967bc0098d3ac13,3d3bc3d06f185da393e78bc15e715efd29d420d0d7f06c873ef812cfaee116b4,1.0,{},,2026,Room Related,0.3749,LABEL_1,0.9997
Ci9DQUlRQUNvZENodHljRjlvT25RMllXbHNiMGs1ZUhKcFpIbHVVME0wWlZjMlMwRRAB,0x103b921776d4cd3f:0,ADESANYA OMOTOLA,0.0,Feels like home,2026-02-22 15:31:53+00:00,"4 months ago on
Google",0,[],,https://www.google.com/maps/contrib/117633710808482066387/reviews?hl=en,https://lh3.googleusercontent.com/a-/ALV-UjVLQS97v1wKRX6QC3JDtDAmP-BCb8Gmrlm92hByQ2DogiTTGpzl=w36-h36-p-rp-mo-ba12-br100,,{},2026-06-22T15:31:54.016193+00:00,2026-06-22T15:31:54.016193+00:00,1.0,1.0,0,3279b4aedc19f1ef4c3505b869f30805e9eb51c6acafd04c4390a90d4e5dd3d8,3d3bc3d06f185da393e78bc15e715efd29d420d0d7f06c873ef812cfaee116b4,1.0,{},,2026,Room Related,0.4044,LABEL_1,0.9997
Ci9DQUlRQUNvZENodHljRjlvT21oaVJuRk5lRkV4VG1GWlEyb3lUMjFVVHpZdGMwRRAB,0x103b921776d4cd3f:0,judith jolayemi,0.0,It is always a great experience here. Food was great. Everything was good-the ambience- the views and all. Im giving 3-star for their service because there was one of their managers who was so rash and rude to us during the buffet. Not such a good front.,2026-03-24 15:03:14+00:00,"3 months ago on
Google",0,"[""https://lh3.googleusercontent.com/grass-cs/ANxoTn1QDKo4zCrKC9q34zWcwFlY54MiCUiM7NTu30Ctm4XaRuIMfePQJsyIMNzuAQsc2Pbr1RLewBYzhQka0FZqgj2w8oZzcWrWCBJ8zjCGE1PMmR2szfcpV9xduM4_E9qI2NZvWDwkBkSVQjEt=w300-h450-p-k-no"", ""https://lh3.googleusercontent.com/grass-cs/ANxoTn2vPYqYwW3iiXmlm08-fzx7Mku_QSQSI3BQiGc1E1ojESE71ebbco7ATZLlq7YSI-mg2taGNkq5Z7_iZtXL77tyZyPqFP4lQTfOuuomlsQE6G-DXTd_qqx3iTxWMDDA6FjeIO_0pLKBDmkM=w300-h450-p-k-no""]",,https://www.google.com/maps/contrib/110867153293766703656/reviews?hl=en,https://lh3.googleusercontent.com/a-/ALV-UjUGHwTrmMFNiFTKAQsyllZD7r9V37x5yqPpJVuQFdSq_fpiuAuR=w36-h36-p-rp-mo-ba12-br100,,{},2026-06-22T15:03:14.617760+00:00,2026-06-22T15:03:14.617760+00:00,1.0,1.0,0,96d7da4636511f85c447fdd635e39e723a02d952f4b76fdeec43a40ea5c2fff5,3d3bc3d06f185da393e78bc15e715efd29d420d0d7f06c873ef812cfaee116b4,1.0,{},,2026,Food Related,0.4677,LABEL_1,0.9998
Ci9DQUlRQUNvZENodHljRjlvT2tOM1ZtdDVUbU5UUldFeVEyNXFaMFpmTnpaVVZrRRAB,0x103b921776d4cd3f:0,Denisa Ryskova,0.0,"We loved staying at Marriott hotel in Ikeja. The hotel has a stylish and elegant features and very relaxing and peaceful atmosphere. All hotel staff were polite and helpful. It was our pleasure to meet one of the managers, Mr. Taiwo and also one of the engineering director. They all made our stay very enjoyable and exceptional. The pool area was very clean, and we loved spending some time in Azure and in the main lounge. The room was very beautiful and it had everything we needed for our stay. The food was delicious, made as a buffet and lots of food to choose from. I am a coffee lover and honestly, their coffee was so rich and full of flavour.  Thank you for everything. Love from Denisa and Larry.",2026-03-24 15:03:20+00:00,"3 months ago on
Google",0,"[""https://lh3.googleusercontent.com/grass-cs/ANxoTn1PzoPGzfeGqQlsVTTo1p2my2Rh--tNB2JcOZyvdc8_gHeO3_OnmYtsucib1a_8squH5RQEghBOwAx8VKXUPVBjvPenaXKRXJk9D13TTr_Zphc1guHQ3XGsz_i6pB1_WsV6BVHCfHnsRck=w300-h225-p-k-no"", ""https://lh3.googleusercontent.com/grass-cs/ANxoTn2zAvGmsTQsJiwsdVoi5fkpu6ZLAFeBu0NGY1pLSD1Qs3iLwxFObY2ocpXuGmVyXTChAO8U886_PrKguhJ45Qu5mYvUy3bdN4VCSF-vNdeRW9-P8yE3dJeVRdPfrGMQNs6k0HyaCJvWKNe9=w300-h225-p-k-no"", ""https://lh3.googleusercontent.com/grass-cs/ANxoTn3f5_jKjPvwatmXdJwFQ74EDfocNwh0lUSsy8r6ztvgde5_F-yw0i4ett6zngXh3IL5V7HI23DQ1BXpW4DzRDS7VzE5FuAe-0EnSyxBy9xtR7BMEyQfiCvLh0wKrln3e1La1knWHJUZEy6D=w300-h225-p-k-no"", ""https://lh3.googleusercontent.com/grass-cs/ANxoTn3U3N1K8LUyixiwXO5LYeKPoXbKalP5hkLaAtJJyzU3Wj622dgTYMuBpQrFUUomktQOZEKFM7W_dm9Rdpi8yOhQd2qo2SdQBEQ5dC_CtYU4yvGIHQludMg5tTw2gAaRdDaiv1smOEb_hqIB=w300-h225-p-k-no""]",,https://www.google.com/maps/contrib/102824562077266239206/reviews?hl=en,https://lh3.googleusercontent.com/a/ACg8ocJEUnPwy1VyfmC2tos4thFhl2iCayv0UsOTNfxYZprE76U-Ow=w36-h36-p-rp-mo-br100,,{},2026-06-22T15:03:20.513499+00:00,2026-06-22T15:03:20.513499+00:00,1.0,1.0,0,01eec661a86216a07db7b00f7ba177005d99139348c296ee724ef83b9d31e7c6,3d3bc3d06f185da393e78bc15e715efd29d420d0d7f06c873ef812cfaee116b4,1.0,{},,2026,Staff Related,0.409,LABEL_1,0.9998
Ci9DQUlRQUNvZENodHljRjlvT25GcVlXNWZiMngyYlRGSE9DMXZjVXA2VG1oYVFtYxAB,0x103b921776d4cd3f:0,Friday Akpumnonu,0.0,"This place has a grand style and good interior design, the parking space is exquisite, designed underground and very spacious, their food is glorious, the rooms topnotch and in a very conducive environment. The security too their is good and their staffs are generally nice. It a place I did recommend for a high end luxury experience if you find yourself in Ikeja, Lagos.",2026-03-24 15:03:21+00:00,"3 months ago on
Google",0,[],,https://www.google.com/maps/contrib/118443317569630907288/reviews?hl=en,https://lh3.googleusercontent.com/a-/ALV-UjW6r4juxhgZ_5Sa8aB8NCamQP2x4tk15Vp6FcBnNpQljFzOpe1h=w36-h36-p-rp-mo-ba12-br100,,{},2026-06-22T15:03:21.736185+00:00,2026-06-22T15:03:21.736185+00:00,1.0,1.0,0,4da2957958f31aa69dd1b965585e0cd0f54da1449b3598adcc0f9c5820ff7e49,3d3bc3d06f185da393e78bc15e715efd29d420d0d7f06c873ef812cfaee116b4,1.0,{},,2026,Food Related,0.7682,LABEL_1,0.9998
Ci9DQUlRQUNvZENodHljRjlvT2paWmVHeERZV0Z1YmtOMlJqbFFjelZEUW5kNE5sRRAB,0x103b921776d4cd3f:0,Adaora Udu St. Vincent,0.0,We went there for their buffet. I wasn't so impressed with most of the food varieties but I loved their smoked ham and their pasties were delicious. I didn't see the rooms,2026-03-24 15:03:27+00:00,"3 months ago on
Google",0,[],,https://www.google.com/maps/contrib/102843831783838910461/reviews?hl=en,https://lh3.googleusercontent.com/a-/ALV-UjUAZMBK_Gcy9SXTu_ghIqjNPgKvtUnc2XAzTvSWxzCQ_5o3pjHLyw=w36-h36-p-rp-mo-ba12-br100,,{},2026-06-22T15:03:27.537576+00:00,2026-06-22T15:03:27.537576+00:00,1.0,1.0,0,e8c4d512619a74e75a3bd74a94414b6742b22ef0070fb6dcf1d473caf6c1ad71,3d3bc3d06f185da393e78bc15e715efd29d420d0d7f06c873ef812cfaee116b4,1.0,{},,2026,Food Related,0.8825,LABEL_1,0.9998
Ci9DQUlRQUNvZENodHljRjlvT2pkNGIxSkxaREJOUlcxRlVtSlRRMVZIV25sbGFXYxAB,0x103b921776d4cd3f:0,Charles Gbegi,0.0,I love this place like 😲 so sweet experience in Marriott hotel,2026-03-24 15:03:41+00:00,"3 months ago on
Google",0,[],,https://www.google.com/maps/contrib/109914425607869961312/reviews?hl=en,https://lh3.googleusercontent.com/a-/ALV-UjUeOURE1hJxYz-14JT6aV44LN-hjn5Qy0Bq8r6qE_SytxoEi-3m=w36-h36-p-rp-mo-br100,,{},2026-06-22T15:03:41.654560+00:00,2026-06-22T15:03:41.654560+00:00,1.0,1.0,0,ea2e87b061de423749ca1ec00a14c690d0595a43f542bbaa7fb78848b1fc5042,3d3bc3d06f185da393e78bc15e715efd29d420d0d7f06c873ef812cfaee116b4,1.0,{},,2026,Room Related,0.5368,LABEL_1,0.9998
Ci9DQUlRQUNvZENodHljRjlvT2xoclIyTXRiMFYxVTBWSFkxaHlhMmR6ZEdZNWRuYxAB,0x103b921776d4cd3f:0,HUNDEYIN OLADIMEJI DAVID,0.0,Wow Hotel that gives the 5 star service,2026-03-24 15:04:01+00:00,"3 months ago on
Google",0,[],,https://www.google.com/maps/contrib/109196488423856563639/reviews?hl=en,https://lh3.googleusercontent.com/a-/ALV-UjWtUbIgS81tprJaVgK4zNbvQpr4-lfwwrGh4MaysuoB8KFOp_U=w36-h36-p-rp-mo-ba12-br100,,{},2026-06-22T15:04:01.423546+00:00,2026-06-22T15:04:01.423546+00:00,1.0,1.0,0,4032f89b1fb2f49b66c6ba4bc7bbde88e8f25acce3c8da660129fc0c59227fc9,3d3bc3d06f185da393e78bc15e715efd29d420d0d7f06c873ef812cfaee116b4,1.0,{},,2026,Services Related,0.9295,LABEL_1,0.9997
Ci9DQUlRQUNvZENodHljRjlvT25aTWExQmxlRTR0WjJOU09WaHZNM2xSYldSVFVVRRAB,0x103b921776d4cd3f:0,Imevbore Ogolo,0.0,I will be to stay there someday,2026-03-24 15:11:06+00:00,"3 months ago on
Google",0,[],,https://www.google.com/maps/contrib/108259445213553029419/reviews?hl=en,https://lh3.googleusercontent.com/a/ACg8ocJipHa_as4aCA2xhGy-ILchakV41dXDwlXFMphL6wjUSOpyvA=w36-h36-p-rp-mo-ba12-br100,,{},2026-06-22T15:11:06.148668+00:00,2026-06-22T15:11:06.148668+00:00,1.0,1.0,0,567ef5ff9446105d4db2960f7b70f0caafe3b41d928863a627ab57551b388687,3d3bc3d06f185da393e78bc15e715efd29d420d0d7f06c873ef812cfaee116b4,1.0,{},,2026,Room Related,0.6574,LABEL_0,0.9994
Ci9DQUlRQUNvZENodHljRjlvT2tScmJuRmxTWFpRY2taQ1NsRkZTRzl3YkdWdFRXYxAB,0x103b921776d4cd3f:0,Fantasia Alexander,0.0,"My boyfriend and I stayed for 1 week in March to celebrate our anniversary. A smiling Raphael greeted us at the front desk before we even reached the desk. His supervisor, Catherine, then joined him to check us in. There were no rooms ready upon arrival, but we only waited 40 minutes before getting into our room since we arrived at 10 am. The bellman, whose name I did not get, helped us in our room and was honest by splitting the tip and taking it down to Raphael as I asked. We booked a king standard room, and it was the best room that I have stayed in so far in Lagos. The modern decor and cleanliness of the room were a game-changer in Lagos. They offer both US/UK plugs, wifi and streaming services. Along with daily housekeeping, which was great as well. The food & beverage team everywhere was amazing. We were able to try every resturant but the highlight of them all was Koriko breakfast buffet. David was often my server and made sure to help me as I am disabled. Peace and Faith was also a joy to speak with as well. Peter, the food and beverage manager, also went above and beyond for me at the poolside grill Azure. I especially enjoy the 24/7 room service and cafe in the lobby. The ham and cheese croissant and coffee were my go-to. We were able to walk in at the spa and have a couple's facial for both of us. Ebere and Faith did our facials which left us feeling refreshed. I can say the chemicals were too strong for my face and it burn but healed in two days. I would recommend sensitive products for guests. On my last day, I had my first issue on my last day as I got a rude call from the front desk around 530pm about my bill, which I already settled that morning. I did not remember her name, but she was a supervisor with a bob haircut. Also, the reservation Mr. Peter set up for us was not accomedated and the service was not up to par from the day staff. They took 40 minutes to greet us and never came back to check on us after our food arrived. But overall, the previous days outweighed the last day. The staff will greet you whenever they see you and help you out whenever they see me. A big shout out to Ms. Catherine and Rapheal who spoke to me whenever they saw me. Another shoutout to Mr.Peter, who checked on me through my last day and post-stay as well. I will be returning in a few weeks, and I cannot wait to come back for another week or two.",2026-04-23 15:03:15+00:00,"2 months ago on
Google",0,[],,https://www.google.com/maps/contrib/115793805670010496068/reviews?hl=en,https://lh3.googleusercontent.com/a/ACg8ocKjHgJvZXQ0dlas_YRz83lFlQ7LXVB9ORHzYTIJujU2tsfhU_E=w36-h36-p-rp-mo-ba12-br100,,{},2026-06-22T15:03:15.764207+00:00,2026-06-22T15:03:15.764207+00:00,1.0,1.0,0,aaa89555d76346a9aea03ed493f0a4065b091a44b4b4d7458c4354ec73a84665,3d3bc3d06f185da393e78bc15e715efd29d420d0d7f06c873ef812cfaee116b4,1.0,{},,2026,Staff Related,0.3666,LABEL_1,0.9998
Ci9DQUlRQUNvZENodHljRjlvT2pSSFNWaDJibmhtYTNwclNXZG1hakI0TkZjdFZWRRAB,0x103b921776d4cd3f:0,Scarlet,0.0,"An amazing, warm, and welcoming hotel right in the heart of Ikeja ✨ Their restaurants deliver a premium experience every time — perfect for breakfast, lunch, or dinner dates 💕 The customer service is top-notch, and the atmosphere is both beautiful and inviting, with a designated area for smokers. The poolside is a whole vibe on its own, offering a stunning view both during the day and at night. Definitely a place worth experiencing.",2026-04-23 15:03:16+00:00,"2 months ago on
Google",0,"[""https://lh3.googleusercontent.com/grass-cs/ANxoTn2mpBP9CLwg1lg9zPkbMtTs1jSvTPG1bdVeb8cK4OQswitjzDgS8y9xs3LjpJ5WSkdfaYmZpSg2-77HTukCuBozsvCs7AAXH8j7WopWI41QMToD1I5wFTAuDxpBOClJdsfPyAh8T7YQhLJa=w300-h225-p-k-no"", ""https://lh3.googleusercontent.com/grass-cs/ANxoTn1wJhlyUAdi15PMpvfKZEonCDNhm01AmP1EMH2qb4lvdDXlCUNM6d7AYNxTMELa2qdLy7c2MpJ7ZbYezGXj3Oc_hdrWKt55loTqQaDGXCsoQc3Z7Raaa_0jN81ICWqbl1HYQ5YXsDq7wLQ=w300-h225-p-k-no"", ""https://lh3.googleusercontent.com/grass-cs/ANxoTn1u4s7WwLKQtC3RjCwtGXerD722Qlk1-1TeB8-cugEAAj9a0rwk9PW4AvlAw5x_qTFPKe-LOhSr1M7rrhLKQs42nfE8yBNmazWtwgAL3XAFphb4_zDHSUIyn7pznRDfG2mr9_Xx5gS3RN8I=w300-h225-p-k-no"", ""https://lh3.googleusercontent.com/grass-cs/ANxoTn3IW2LjgdPwFf4YSwYd8AFG2SURlw0X8jyvfQmoKG-YVS3Jmf6BCXPdMgD9T8-_Eg-E74EqO9kMjPD35UicheiXs4kH3Crqv9nkAc_TBGVdZlndjjQFE787oq_R3GWboqppWW-_96ZG71Mw=w300-h225-p-k-no""]",,https://www.google.com/maps/contrib/116820994451449071589/reviews?hl=en,https://lh3.googleusercontent.com/a-/ALV-UjUDyi3gwBOO-TEpMqaxOuIQZm0stKsmgsVGxCV18WNK1ZdLVGY=w36-h36-p-rp-mo-ba12-br100,,{},2026-06-22T15:03:16.268008+00:00,2026-06-22T15:03:16.268008+00:00,1.0,1.0,0,3e287af48011165fb6c78f92be57aa4293987c6a631786f20f79a7ff625c5120,3d3bc3d06f185da393e78bc15e715efd29d420d0d7f06c873ef812cfaee116b4,1.0,{},,2026,Food Related,0.5917,LABEL_1,0.9998
Ci9DQUlRQUNvZENodHljRjlvT25kWVRVYzViR0Z0VVc5WlJGZGpaVk52YzJWNk1XYxAB,0x103b921776d4cd3f:0,Joshua Ananaba,0.0,It's one of the best and it's still a 4 star which is great because Nigeria can't fathom 5 star service of any industry to be honest.  But they definitely price like 5 star though.,2026-04-23 15:03:24+00:00,"2 months ago on
Google",0,[],,https://www.google.com/maps/contrib/115241091676300029552/reviews?hl=en,https://lh3.googleusercontent.com/a/ACg8ocJvuqOnEiJHqQicaPlKQLDbaH71dput3_I9nBdtjf1LvDgz7l8=w36-h36-p-rp-mo-ba12-br100,,{},2026-06-22T15:03:24.184289+00:00,2026-06-22T15:03:24.184289+00:00,1.0,1.0,0,fcbc8969c11724d64fa92d07aecd469b9c44c01c9086974a80d0b371186860ea,3d3bc3d06f185da393e78bc15e715efd29d420d0d7f06c873ef812cfaee116b4,1.0,{},,2026,Services Related,0.7807,LABEL_1,0.9998
Ci9DQUlRQUNvZENodHljRjlvT20xR1NHdGlXbVU1WTNkUVVuQXhWMnBYYzFWV1prRRAB,0x103b921776d4cd3f:0,Adedeji Matthew,0.0,They have spacious space for meetings and other events. Clean environment and good staff orientated services.,2026-04-23 15:03:38+00:00,"Edited 2 months ago on
Google",0,[],,https://www.google.com/maps/contrib/105881933560613742009/reviews?hl=en,https://lh3.googleusercontent.com/a/ACg8ocIV-VeD-f8lPDNPjbUpD26fc7NzzDKI7LcniqRHlbT5rsVl0Q=w36-h36-p-rp-mo-ba12-br100,,{},2026-06-22T15:03:38.381719+00:00,2026-06-22T15:03:38.381719+00:00,1.0,1.0,0,6df8443844c307a0d8e4baacc6e56e38a7bdc8dc7a3b91812ded638e4c8c64e4,3d3bc3d06f185da393e78bc15e715efd29d420d0d7f06c873ef812cfaee116b4,1.0,{},,2026,Services Related,0.4496,LABEL_1,0.9998
Ci9DQUlRQUNvZENodHljRjlvT2pKelZHVkhXVzl3YldOa2NEbEVZVEp4WDBoRE5XYxAB,0x103b921776d4cd3f:0,Olalekan.D.A Seriki,0.0,"Excellent, nice place to lodge, location and area splendid",2026-04-23 15:03:48+00:00,"2 months ago on
Google",0,[],,https://www.google.com/maps/contrib/114200750659818504654/reviews?hl=en,https://lh3.googleusercontent.com/a/ACg8ocLQHszwYJTJVBicSg-jiWB4GDk32XiPTb2QTLNbsTHJvE0Hzg8=w36-h36-p-rp-mo-ba12-br100,,{},2026-06-22T15:03:48.236672+00:00,2026-06-22T15:03:48.236672+00:00,1.0,1.0,0,4b19ef9c267826892bae443c9573af8483f8bf0dc17c72a502c48b5a404f36e5,3d3bc3d06f185da393e78bc15e715efd29d420d0d7f06c873ef812cfaee116b4,1.0,{},,2026,Room Related,0.6472,LABEL_1,0.9998
Ci9DQUlRQUNvZENodHljRjlvT25ST2MxbzFNV0pNUWxaSVEyeEhMVXhuY1ZaR2VGRRAB,0x103b921776d4cd3f:0,adekunle sodiq,0.0,Excellent and pure luxury life experience..,2026-04-23 15:03:49+00:00,"2 months ago on
Google",0,[],,https://www.google.com/maps/contrib/106197466945626321167/reviews?hl=en,https://lh3.googleusercontent.com/a-/ALV-UjV3DB_3hPOfNWZXxQhnDy9rbG5Nn9Xj4KsdA4aOWsREcS_lKNNK=w36-h36-p-rp-mo-ba12-br100,,{},2026-06-22T15:03:49.242751+00:00,2026-06-22T15:03:49.242751+00:00,1.0,1.0,0,a06b5f72fd93fde4f99580acfeb6a17b1b78abb525416f12642f2ab01aa1b1fb,3d3bc3d06f185da393e78bc15e715efd29d420d0d7f06c873ef812cfaee116b4,1.0,{},,2026,Room Related,0.3922,LABEL_1,0.9998
Ci9DQUlRQUNvZENodHljRjlvT25WRGNrMXdlVlp2UldJMlJqZE9iSGxQZG1sNGRtYxAB,0x103b921776d4cd3f:0,obado henry,0.0,Beautiful ambience. Agood place to be.,2026-04-23 15:03:54+00:00,"2 months ago on
Google",0,[],,https://www.google.com/maps/contrib/100215393548028860963/reviews?hl=en,https://lh3.googleusercontent.com/a-/ALV-UjUEO0hyauWox0P64JEFdLqvYuZLlpgDJ1pdWRWV4IRZpvcWdm59=w36-h36-p-rp-mo-ba12-br100,,{},2026-06-22T15:03:54.813330+00:00,2026-06-22T15:03:54.813330+00:00,1.0,1.0,0,fb3bbe6d07e65397ed650d36e61ba66985b02a6bdb27323d90a9d25669005ec9,3d3bc3d06f185da393e78bc15e715efd29d420d0d7f06c873ef812cfaee116b4,1.0,{},,2026,Room Related,0.5714,LABEL_1,0.9998
Ci9DQUlRQUNvZENodHljRjlvT2xsVmJGWnBXRzlqTnpOV1NIWmhVR3htUjNsUmJVRRAB,0x103b921776d4cd3f:0,Ridwan Akande,0.0,"Superb location for meet-ups, meetings,  boufet, motel, etc",2026-04-23 15:04:05+00:00,"2 months ago on
Google",0,[],,https://www.google.com/maps/contrib/117538603568115335667/reviews?hl=en,https://lh3.googleusercontent.com/a/ACg8ocL0Gh3qSD-zUvB9juAJ47uJQzU1Ry8-_tmIkWt6HyBADM96NQ=w36-h36-p-rp-mo-ba12-br100,,{},2026-06-22T15:04:05.521815+00:00,2026-06-22T15:04:05.521815+00:00,1.0,1.0,0,c24bd1126fde87e5e246cd5391eb14c78ffa2273326bbd105b3654417329a994,3d3bc3d06f185da393e78bc15e715efd29d420d0d7f06c873ef812cfaee116b4,1.0,{},,2026,Services Related,0.4489,LABEL_1,0.9998
Ci9DQUlRQUNvZENodHljRjlvT2tGS2NFTnNZVEJrYjFrM2QwTTJVblZmWm5ZMVUxRRAB,0x103b921776d4cd3f:0,Gbenga Ezekiel,0.0,Hotel in its finest. Cozy and beautiful.,2026-04-23 15:04:34+00:00,"2 months ago on
Google",0,[],,https://www.google.com/maps/contrib/105509112598891962900/reviews?hl=en,https://lh3.googleusercontent.com/a/ACg8ocIIKekrBwfvhbIx5hiwwbNbFT6UDxej4G2vw6pWSnzvNIcOZg=w36-h36-p-rp-mo-ba12-br100,,{},2026-06-22T15:04:34.535706+00:00,2026-06-22T15:04:34.535706+00:00,1.0,1.0,0,feeb80f95f26beab106879db05861b606d343f195e4db5fde1ff0f583fdf7019,3d3bc3d06f185da393e78bc15e715efd29d420d0d7f06c873ef812cfaee116b4,1.0,{},,2026,Room Related,0.5993,LABEL_1,0.9998
Ci9DQUlRQUNvZENodHljRjlvT2xKb1V6QktVemRrTlc1TVF6Z3hRM1JsVjFKTlYxRRAB,0x103b921776d4cd3f:0,Moses Deepark,0.0,My boss always lodge there,2026-04-23 15:11:03+00:00,"2 months ago on
Google",0,[],,https://www.google.com/maps/contrib/101249081690487277947/reviews?hl=en,https://lh3.googleusercontent.com/a-/ALV-UjV17peCtyL5xCEIknaVt7vvGEi_3ygZg6ZcXZ-HENoga85U-qOn=w36-h36-p-rp-mo-br100,,{},2026-06-22T15:11:03.300237+00:00,2026-06-22T15:11:03.300237+00:00,1.0,1.0,0,492ceba18a9183ed4063459de75fff5f3cf18bdd34135e8ca8a8e21f790a5d72,3d3bc3d06f185da393e78bc15e715efd29d420d0d7f06c873ef812cfaee116b4,1.0,{},,2026,Staff Related,0.7145,LABEL_0,0.9995
Ci9DQUlRQUNvZENodHljRjlvT2pCaVJYcHhUMDlZYWtkalRUSktVMkpXYnpSNWFrRRAB,0x103b921776d4cd3f:0,Whogofly Travels Company,0.0,It was great!,2026-04-23 15:22:37+00:00,"2 months ago on
Google",0,[],,https://www.google.com/maps/contrib/102374464694816982422/reviews?hl=en,https://lh3.googleusercontent.com/a-/ALV-UjWi_yIGqRHTd14sljSpQTDczs3wgjXgDU5OaDpCLfW5wS_nedE=w36-h36-p-rp-mo-br100,,{},2026-06-22T15:22:38.031511+00:00,2026-06-22T15:22:38.031511+00:00,1.0,1.0,0,c62b581f11f8313c4e2db63524ba22bd6166f36d0873bce1b22af97b88f33a92,3d3bc3d06f185da393e78bc15e715efd29d420d0d7f06c873ef812cfaee116b4,1.0,{},,2026,Room Related,0.3427,LABEL_1,0.9997
Ci9DQUlRQUNvZENodHljRjlvT2toS1kxZE1PVVpJVGxGQldGcFVVVk5TY1dkS1pGRRAB,0x103b921776d4cd3f:0,Adams James Ishaku,0.0,Excellent class,2026-04-23 15:25:33+00:00,"2 months ago on
Google",0,[],,https://www.google.com/maps/contrib/114466183082163148360/reviews?hl=en,https://lh3.googleusercontent.com/a-/ALV-UjWQ_Oac5cnMoz6tf9ihv0YUeZHr0aPcPHgOgDb2jpYbVg096AE=w36-h36-p-rp-mo-ba12-br100,,{},2026-06-22T15:25:33.376301+00:00,2026-06-22T15:25:33.376301+00:00,1.0,1.0,0,93da856e2176ab518a969bdee37e38c963361e245a2467eab3691bbf7a712dde,3d3bc3d06f185da393e78bc15e715efd29d420d0d7f06c873ef812cfaee116b4,1.0,{},,2026,Room Related,0.4209,LABEL_1,0.9997
Ci9DQUlRQUNvZENodHljRjlvT21vMVRIUjBOR0pQYTNGV1luSlFXa3B4U0MweWJIYxAB,0x103b921776d4cd3f:0,Ola Agbetu-Quadri,0.0,Classy and topnotch,2026-04-23 15:30:07+00:00,"2 months ago on
Google",0,[],,https://www.google.com/maps/contrib/105998747603279919925/reviews?hl=en,https://lh3.googleusercontent.com/a-/ALV-UjX_YEwJVAGSGlTRcdq_mQ-6BFOXqRY_nRcgxn_oA_bVZLszBNxU=w36-h36-p-rp-mo-ba12-br100,,{},2026-06-22T15:30:07.162899+00:00,2026-06-22T15:30:07.162899+00:00,1.0,1.0,0,7df414759df1a8151756345e314f01a64e0ed419a717a6784bea2db97ade3caa,3d3bc3d06f185da393e78bc15e715efd29d420d0d7f06c873ef812cfaee116b4,1.0,{},,2026,Room Related,0.3331,LABEL_1,0.9996
Ci9DQUlRQUNvZENodHljRjlvT2pkd1VUaEZlVTlTTmxkcGRGRm9hR0Y2YzNWRFJVRRAB,0x103b921776d4cd3f:0,Oluwatoyin Enisan,0.0,"The Lagos Marriott Hotel is an EXQUISITE OPULENCE and SENSIBLE Luxurious 5-star Conference Hotel. Located in the very secure and serene environment of Ikeja GRA. A few minutes' drive will take you to the Murtala Muhammed International Airport or the domestic Airport and the Ikeja main commercial nerve center of Lagos State Nigeria. Equipped with great parking spots, serving local and international cuisines, free Wi-Fi, lavish bedding facilities, Spa, well-equipped gym, outdoor pool and a vintage city view is your choice Hotel of all time.",2026-05-23 15:03:20+00:00,"a month ago on
Google",0,[],,https://www.google.com/maps/contrib/114136966691451566685/reviews?hl=en,https://lh3.googleusercontent.com/a-/ALV-UjW41jG7lQciMkI4E0JTuEskavkc88eIYP6cwoTewOD4EGhp2XWt=w36-h36-p-rp-mo-br100,,{},2026-06-22T15:03:20.910314+00:00,2026-06-22T15:03:20.910314+00:00,1.0,1.0,0,e94ef32b9d62a4e21d49aefc4af6a4a85172d9afbebc2e4a80506c2d202b8118,3d3bc3d06f185da393e78bc15e715efd29d420d0d7f06c873ef812cfaee116b4,1.0,{},,2026,Room Related,0.3836,LABEL_1,0.9998
Ci9DQUlRQUNvZENodHljRjlvT2t4eVdGTndWbW80VWtSalQxRjBNR3Q0ZFdGU1VXYxAB,0x103b921776d4cd3f:0,Olaitan Esther,0.0,"Marriott Hotel is a chain of beautiful hotels. This is one in particular is accessible, beautiful, elegant, classy.  Located in the heart of GRA Ikeja in Lagos.  I highly recommend if you're traveling and exploring, and your priority is quality experience.",2026-05-23 15:03:22+00:00,"Edited a month ago on
Google",0,"[""https://lh3.googleusercontent.com/grass-cs/ANxoTn1b8FliiA_oMtQq9jeTUvMqOKd1fcEKmlDxUjfYXkXB32Q2VED3rXv2i_oL12pWjemfuEPz3pLxd-74GodaxJz8hGuINsjnHF2MEEawBL1WdTS_NeST_BeHN-yWNMh8rlxTiARKvDGBN6RP=w300-h225-p-k-no"", ""https://lh3.googleusercontent.com/grass-cs/ANxoTn1GHHPtlFopHVAi-d400VC9J8sGKXi9F2A7LRNdEd5NjDb9GAn5Nx-KCJaRYkWE8l98XpQt_59li7M87IZieT55JNc8deKZBbq4gbnp3c-D5-v6rWzKSQfxiUTKojjjSd23pmYb3cmkerAc=w300-h225-p-k-no"", ""https://lh3.googleusercontent.com/grass-cs/ANxoTn1jruQirtft2vT1-K4y1cTmqx9gqPfEk4mwsKfuhFfZ7ONaIVYpYtnoSyFqX7bfylcQM31w2Li7iSN2UryuG_H17yeaeRoKIyDCGuIRndTsT9DFBkQr71wbH35oWSq91VNXBOCHMOQSx70=w300-h225-p-k-no"", ""https://lh3.googleusercontent.com/grass-cs/ANxoTn34uloyJuDe0cZ2ggjZmuvGCD4nrElvEczJqCL9tO9XbDDYZ0wddabBSePJL2D2S0-1GzmJhtYMFY0NHYdYuHEqXnNZlukpi96D1UpQboi3n6m8uWq3wrLGCI1u9rBJ4eUnjaKmDYLFlbU=w300-h225-p-k-no""]",,https://www.google.com/maps/contrib/113273565448160877122/reviews?hl=en,https://lh3.googleusercontent.com/a-/ALV-UjXFgk8kdnYwiVFHMjtPnalJ1jlax_QwGkG6YwUE-KCa4t-GAhc57A=w36-h36-p-rp-mo-ba12-br100,,{},2026-06-22T15:03:23.045016+00:00,2026-06-22T15:03:23.045016+00:00,1.0,1.0,0,3a5c3b670dc592932b89d8ea20e76df606b4a8ab5653c8560c1a1e4b97610590,3d3bc3d06f185da393e78bc15e715efd29d420d0d7f06c873ef812cfaee116b4,1.0,{},,2026,Room Related,0.4348,LABEL_1,0.9998
Ci9DQUlRQUNvZENodHljRjlvT205MVpqTm9Welk0VUhCelgyWm1hbmRHTWswMlNWRRAB,0x103b921776d4cd3f:0,Nicole Adegbusi,0.0,Today I watched the security guard harass a lady. Is it because she is a female? She was seating quietly and all of a sudden the security came to harass her. I felt terrible for the lady and it was so sad to watch this happened around 12:20 pm on May 13th 2026 and 12:40pm on May 13th 2026,2026-05-23 15:03:23+00:00,"a month ago on
Google",0,[],,https://www.google.com/maps/contrib/117044747774080168549/reviews?hl=en,https://lh3.googleusercontent.com/a/ACg8ocKHBwEDlbloazQfk4lYac2EuMCRle3BcjnCixAjqiN48abypA=w36-h36-p-rp-mo-br100,,{},2026-06-22T15:03:23.955904+00:00,2026-06-22T15:03:23.955904+00:00,1.0,1.0,0,fc2a8536037cd100cf284343db2bf77ae648ea626c8fb934727c046a258373f4,3d3bc3d06f185da393e78bc15e715efd29d420d0d7f06c873ef812cfaee116b4,1.0,{},,2026,Room Related,0.3803,LABEL_1,0.9425
Ci9DQUlRQUNvZENodHljRjlvT2xGME16RTNVRXB1U1VRd1pFWm9UMU56UnpKNVlWRRAB,0x103b921776d4cd3f:0,Eberth Caigua,0.0,"This hotel is really amazing, room are super confortable and service is very good. The only thing can be improved is the front desk, for any reason, they always say you that you don't have reservation no matter you have it",2026-05-23 15:03:26+00:00,"a month ago on
Google",0,[],,https://www.google.com/maps/contrib/115971090476637278928/reviews?hl=en,https://lh3.googleusercontent.com/a-/ALV-UjXNMi0JSrz2VivFG2Wv7YhrLlHChVlcbr3lqyinux_v-9kKqvBaPA=w36-h36-p-rp-mo-ba12-br100,,{},2026-06-22T15:03:26.226736+00:00,2026-06-22T15:03:26.226736+00:00,1.0,1.0,0,9801f8dea3b3056a15ee03f332ea3a9b927292ce0cae0233c716d45539818318,3d3bc3d06f185da393e78bc15e715efd29d420d0d7f06c873ef812cfaee116b4,1.0,{},,2026,Services Related,0.7181,LABEL_1,0.9998
Ci9DQUlRQUNvZENodHljRjlvT2tGc01WcFNhbk5HUVRkSGVqUmthVkJJTjIwMFUwRRAB,0x103b921776d4cd3f:0,Ciccolella,0.0,"My stay there was Awesome, it's the best hotel I have ever stayed in Lagos. I also attended a seminar at there hall. Everything was very orderly and professional",2026-05-23 15:03:26+00:00,"a month ago on
Google",0,[],,https://www.google.com/maps/contrib/114211527226758346000/reviews?hl=en,https://lh3.googleusercontent.com/a-/ALV-UjVVfSR_YiH7Fl9qI1KA6clmwxPRxDYETWGpIhKY-jIQYxjtp6a-=w36-h36-p-rp-mo-br100,,{},2026-06-22T15:03:26.637946+00:00,2026-06-22T15:03:26.637946+00:00,1.0,1.0,0,53e0cdb5dc79b24ce19e4a85bbe10fc2dfef96de3db19f944123dcbc0ee854c9,3d3bc3d06f185da393e78bc15e715efd29d420d0d7f06c873ef812cfaee116b4,1.0,{},,2026,Room Related,0.4629,LABEL_1,0.9998
Ci9DQUlRQUNvZENodHljRjlvT25jNGNXVXpZM0pSUWtVd09YSlZRVXd4VW1SWlQyYxAB,0x103b921776d4cd3f:0,michael ojei,0.0,"beautiful serene,  well behaved security guard that will make you want to come back",2026-05-23 15:03:30+00:00,"a month ago on
Google",0,[],,https://www.google.com/maps/contrib/101864208805624584597/reviews?hl=en,https://lh3.googleusercontent.com/a-/ALV-UjUtB3ZNuIhVfBMXwgrpubjdsWv_vHM2VnabB0FN10xfEH-tOqIR=w36-h36-p-rp-mo-ba12-br100,,{},2026-06-22T15:03:30.186342+00:00,2026-06-22T15:03:30.186342+00:00,1.0,1.0,0,83fd83330ee31e720e3168d8177fba695e900dcd4c02089a0c236b1a134ab230,3d3bc3d06f185da393e78bc15e715efd29d420d0d7f06c873ef812cfaee116b4,1.0,{},,2026,Services Related,0.4924,LABEL_1,0.9998
Ci9DQUlRQUNvZENodHljRjlvT2t0RFlWbFZjM2hzT0ZwT01uQlRNVmR0TVdsYU5WRRAB,0x103b921776d4cd3f:0,Raymond Ekwulonu,0.0,Friendly environment and well behaved staff,2026-05-23 15:03:49+00:00,"a month ago on
Google",0,[],,https://www.google.com/maps/contrib/103893882199880982498/reviews?hl=en,https://lh3.googleusercontent.com/a-/ALV-UjWWGqaYWwEr-01X1lZcXkcvXTf767ttHl04QIPK7r7j2yVBYKTUwQ=w36-h36-p-rp-mo-br100,,{},2026-06-22T15:03:50.020966+00:00,2026-06-22T15:03:50.020966+00:00,1.0,1.0,0,16e77ed9776727763357604288eb19d2073e2cf152eee20932156a6844646719,3d3bc3d06f185da393e78bc15e715efd29d420d0d7f06c873ef812cfaee116b4,1.0,{},,2026,Staff Related,0.6874,LABEL_1,0.9997
Ci9DQUlRQUNvZENodHljRjlvT2xNMlNXTnNRVmxuTmxKdGVsSnVTbmhCVnpCMlJuYxAB,0x103b921776d4cd3f:0,Ubon Asuquo,0.0,"Good hotel plan, lovely interiors.",2026-05-23 15:03:55+00:00,"a month ago on
Google",0,[],,https://www.google.com/maps/contrib/100988938039528628503/reviews?hl=en,https://lh3.googleusercontent.com/a-/ALV-UjV02AQvbGaG7jrz7BtRaniJ7DIaliD_z-ZPk93AngLmIqmeM0gi=w36-h36-p-rp-mo-br100,,{},2026-06-22T15:03:55.275658+00:00,2026-06-22T15:03:55.275658+00:00,1.0,1.0,0,0594f0bf8a16490a8ae49015ec5273c68f747dea5f17d54b1bdf3d11f9f22b48,3d3bc3d06f185da393e78bc15e715efd29d420d0d7f06c873ef812cfaee116b4,1.0,{},,2026,Room Related,0.7163,LABEL_1,0.9998
Ci9DQUlRQUNvZENodHljRjlvT2xweFQwNXZSM2N5WW5OdlpXMXdYMmRUTTNGeWEwRRAB,0x103b921776d4cd3f:0,Alenge Master,0.0,"They should update their maps, xauae ir mialead a lota.",2026-05-23 15:04:01+00:00,"a month ago on
Google",0,[],,https://www.google.com/maps/contrib/109074968757889662182/reviews?hl=en,https://lh3.googleusercontent.com/a-/ALV-UjUAemaf8I8IeKEWYdLF7mj6smBRViC5Fx2_UBttEDuumNOOdvSU=w36-h36-p-rp-mo-br100,,{},2026-06-22T15:04:01.155004+00:00,2026-06-22T15:04:01.155004+00:00,1.0,1.0,0,613ed85c92bd7b3eeb3120323e9613133ad247813049aa76b4a6fb5751b4e040,3d3bc3d06f185da393e78bc15e715efd29d420d0d7f06c873ef812cfaee116b4,1.0,{},,2026,Services Related,0.5387,LABEL_0,0.9995
Ci9DQUlRQUNvZENodHljRjlvT25KU1IwWnNMVUpHT1VaSVlUZDJZMEp4VERabllsRRAB,0x103b921776d4cd3f:0,Emu EmuKally,0.0,Exceptional experience 💯 Luxury and beautiful,2026-05-23 15:04:05+00:00,"a month ago on
Google",0,"[""https://lh3.googleusercontent.com/grass-cs/ANxoTn1MCpZhGMoDvELL45iQKQoaQ-d57JbOE0zMPUJkXxQld0YWKO1_fqIO0GkE4na0hPb8unsaheyVDwHTrsJKxv-Dar71mX_iQA4RAyFtiB5NSpsRatWvEKFbbUr9Pn-gqO2hlQvLmVhwlotM=w300-h450-p-k-no"", ""https://lh3.googleusercontent.com/grass-cs/ANxoTn3L2BVwEJrAXMFRUi0z8q6nuZ0fg2CVV-sFITW4NLngeWgEhiyIO2Fw3fraSRzOBdezUNlA8KHZWyU9ccQou9cVQJPdnVDczrS5OikZ99-vur-c4C0TIwsyeuV2gqpjgnV1fUdFIGRdnrQ=w300-h225-p-k-no"", ""https://lh3.googleusercontent.com/grass-cs/ANxoTn3CVbRo5Rqpm-Hvy_-5B9Q_LKaYuX16u3xDO_y7sP4WnEzA90BakeIu1NKzp8Ev25vfc32GX8vYXrhBumjzqBoci5PaTijH9ftZAQFVYGTChHh-FdiJ3kIslY9lPm3Ly4Ngvxs3RlL6iplC=w300-h225-p-k-no""]",,https://www.google.com/maps/contrib/114774599899794944011/reviews?hl=en,https://lh3.googleusercontent.com/a-/ALV-UjVeXcA37anj4LhTNNBbfAe_U08WoLCO30P4VQbQOIigxZQWHLBi=w36-h36-p-rp-mo-ba12-br100,,{},2026-06-22T15:04:05.405194+00:00,2026-06-22T15:04:05.405194+00:00,1.0,1.0,0,afe976ee5bb7090eb8dc917778c90d73119f326866368761222a57fd53c3e348,3d3bc3d06f185da393e78bc15e715efd29d420d0d7f06c873ef812cfaee116b4,1.0,{},,2026,Room Related,0.3349,LABEL_1,0.9998
Ci9DQUlRQUNvZENodHljRjlvT25aWFF6ZHdYM2RQYTJscExUZFhVbmhwVnpSRU5tYxAB,0x103b921776d4cd3f:0,Koya Michael,0.0,Very lovely but expensive 😅😂,2026-05-23 15:04:36+00:00,"Edited a month ago on
Google",0,[],,https://www.google.com/maps/contrib/107214443039731465983/reviews?hl=en,https://lh3.googleusercontent.com/a-/ALV-UjU1WaycjGLXHBHRDaCaCWjjawOebIpeqPcZ-xS2wB5q0H6_GQ4k=w36-h36-p-rp-mo-ba12-br100,,{},2026-06-22T15:04:36.885516+00:00,2026-06-22T15:04:36.885516+00:00,1.0,1.0,0,905360eef9ec582d6ddacf2fef60d84ff268b97c23d30eacb9ecc1eee2640fac,3d3bc3d06f185da393e78bc15e715efd29d420d0d7f06c873ef812cfaee116b4,1.0,{},,2026,Room Related,0.3828,LABEL_1,0.9998
Ci9DQUlRQUNvZENodHljRjlvT2pKME9HVjFPRTg1TFVaYVQydGtZbVZRWkRaa1prRRAB,0x103b921776d4cd3f:0,Oluwadunsin Adeyemi,0.0,All good 💯💯,2026-05-23 15:15:28+00:00,"a month ago on
Google",0,[],,https://www.google.com/maps/contrib/112759261679887071502/reviews?hl=en,https://lh3.googleusercontent.com/a-/ALV-UjUwTAlJt5bgqYXkRdh6_A0QyA77Hd2wmkeFUcxvtBTHyHEKeFLayg=w36-h36-p-rp-mo-ba12-br100,,{},2026-06-22T15:15:28.678905+00:00,2026-06-22T15:15:28.678905+00:00,1.0,1.0,0,7016f3cf96626145657dfde02f243666c6d3a44730736764b5439d5554e5e2c7,3d3bc3d06f185da393e78bc15e715efd29d420d0d7f06c873ef812cfaee116b4,1.0,{},,2026,Services Related,0.283,LABEL_1,0.9997
Ci9DQUlRQUNvZENodHljRjlvT2t3MmMzSjJhbEZVV0ZGNFYwWmlNRGd6Wm1wT09FRRAB,0x103b921776d4cd3f:0,adekunle aregbe,0.0,Lovely place,2026-05-23 15:16:54+00:00,"a month ago on
Google",0,[],,https://www.google.com/maps/contrib/118376071841352116310/reviews?hl=en,https://lh3.googleusercontent.com/a-/ALV-UjUgraLjKcekqD3k24psqu_hgfgYekwWTYqSKvvIDc1FmLfXPLM=w36-h36-p-rp-mo-ba12-br100,,{},2026-06-22T15:16:54.786707+00:00,2026-06-22T15:16:54.786707+00:00,1.0,1.0,0,5cd397aa3ba7ecb715096770c246958eccc508697c03f2457844b4d0a4c05395,3d3bc3d06f185da393e78bc15e715efd29d420d0d7f06c873ef812cfaee116b4,1.0,{},,2026,Room Related,0.4989,LABEL_1,0.9998
Ci9DQUlRQUNvZENodHljRjlvT21sdVZIZ3pjWFZoZERoYVNUVTFlRzlsUTNSSE9FRRAB,0x103b921776d4cd3f:0,Oma Moweta,0.0,Nice serenity,2026-05-23 15:22:38+00:00,"a month ago on
Google",0,[],,https://www.google.com/maps/contrib/104682589808197848183/reviews?hl=en,https://lh3.googleusercontent.com/a-/ALV-UjXPeiddX6fBTiSHaNhBQbDY3kmXx0w9NY282PNfZkDuZt0bEJc=w36-h36-p-rp-mo-ba12-br100,,{},2026-06-22T15:22:38.884827+00:00,2026-06-22T15:22:38.884827+00:00,1.0,1.0,0,4f746d8d69d17e75829a4754768ab5ccc7d01a9f604e46a0c99fb5452c0efc54,3d3bc3d06f185da393e78bc15e715efd29d420d0d7f06c873ef812cfaee116b4,1.0,{},,2026,Room Related,0.4133,LABEL_1,0.9997
Ci9DQUlRQUNvZENodHljRjlvT2pWdlUwTmhWalpZWjJ4RWFVYzFZbXBFYjBOM2JHYxAB,0x103b921776d4cd3f:0,Temitope Ifegbesan,0.0,"Beautiful place. I went there for an event and we used one of the lovely conference rooms. I was impressed by the information session the hotel staff gave us before we started our event, including showing us the exits in case there was an emergency, etc. The food too was incredible. It was a buffet and it was topnotch.",2026-05-25 15:03:14+00:00,"4 weeks ago on
Google",0,[],,https://www.google.com/maps/contrib/110686505778088934698/reviews?hl=en,https://lh3.googleusercontent.com/a-/ALV-UjU1U1DUC5m1ophh7WR0RImNRzz__6hOMMfAu8JST0LATfDRbwIjbQ=w36-h36-p-rp-mo-ba12-br100,,{},2026-06-22T15:03:14.959840+00:00,2026-06-22T15:03:14.959840+00:00,1.0,1.0,0,5383a6fa1aeb402c24c6cd16e558ecce2367d35bf7772a495ccd50d95189cc7d,3d3bc3d06f185da393e78bc15e715efd29d420d0d7f06c873ef812cfaee116b4,1.0,{},,2026,Food Related,0.6225,LABEL_1,0.9998
Ci9DQUlRQUNvZENodHljRjlvT2pWRFpXOVBSV2s1ZUhKeFZFUm5MVnBNYzFod1UzYxAB,0x103b921776d4cd3f:0,Rob Storm,0.0,Nice food. Never used their rooms though.,2026-05-25 15:03:33+00:00,"4 weeks ago on
Google",0,[],,https://www.google.com/maps/contrib/112130472660340866810/reviews?hl=en,https://lh3.googleusercontent.com/a/ACg8ocLQfKWYRkc5Y0lpDitBkvZcY9zpKjjF8WOtnlZlqycdaYdyEg=w36-h36-p-rp-mo-ba12-br100,,{},2026-06-22T15:03:33.301405+00:00,2026-06-22T15:03:33.301405+00:00,1.0,1.0,0,01121d4d957fe01bf15479c60cdf5971928f69a0c777f8823b94f9feb4d0dc22,3d3bc3d06f185da393e78bc15e715efd29d420d0d7f06c873ef812cfaee116b4,1.0,{},,2026,Food Related,0.7715,LABEL_1,0.9998
Ci9DQUlRQUNvZENodHljRjlvT2s1R2FuQndOR3RGVTFFNWEwUkpia280Y1RWTVdsRRAB,0x103b921776d4cd3f:0,Oluwakemisola,0.0,Not bad at all.,2026-05-25 15:04:50+00:00,"4 weeks ago on
Google",0,[],,https://www.google.com/maps/contrib/100241071676657294825/reviews?hl=en,https://lh3.googleusercontent.com/a-/ALV-UjU9pDL8JPPWG9GyeIfkBnHLN5nkyWsNKc_Qb3mT3VfxHZFbUOnkMQ=w36-h36-p-rp-mo-ba12-br100,,{},2026-06-22T15:04:50.092492+00:00,2026-06-22T15:04:50.092492+00:00,1.0,1.0,0,dfd5f5caa51293422f45b6cfd7ec6ba7d31cce9aa294a0cf992169f0a20ca6b8,3d3bc3d06f185da393e78bc15e715efd29d420d0d7f06c873ef812cfaee116b4,1.0,{},,2026,Room Related,0.3092,LABEL_0,0.9955
Ci9DQUlRQUNvZENodHljRjlvT21wNlpEVm9RbVJPUmxJdE9XcHdPV1pWZFRBNVdrRRAB,0x103b921776d4cd3f:0,Christopher Fakanlu,0.0,Splendid,2026-05-25 15:32:22+00:00,"4 weeks ago on
Google",0,[],,https://www.google.com/maps/contrib/117811326369809354910/reviews?hl=en,https://lh3.googleusercontent.com/a/ACg8ocLlSoKwAxOXVOcYj9h3xeDT1jrkfPIBotihn2FWpa1vocmAzw=w36-h36-p-rp-mo-br100,,{},2026-06-22T15:32:22.723033+00:00,2026-06-22T15:32:22.723033+00:00,1.0,1.0,0,cf0803ce09af15eed181ffc6beb6fabe203e7e15d3d2bd085343f249c2177fee,3d3bc3d06f185da393e78bc15e715efd29d420d0d7f06c873ef812cfaee116b4,1.0,{},,2026,Services Related,0.3242,LABEL_1,0.9998
Ci9DQUlRQUNvZENodHljRjlvT2xwT2JsVldiVGw2VVhoeVRFOXZTblZ5V0RNMk5XYxAB,,Afam Eghosa,0.0,,2026-05-30 13:05:12+00:00,"a month ago on
Google",0,,,https://www.google.com/maps/contrib/104762567028803781620/reviews?hl=en,https://lh3.googleusercontent.com/a-/ALV-UjVHhygtv3CWQNWporf_vdzGp-czPcmKRH79AvMPanyrML1b9mI=w108-h108-p-rp-mo-br100,,,2026-06-29T13:05:13.369589+00:00,2026-06-29T13:05:13.369589+00:00,,,0,,,,,"My stay was really enjoyable from start to finish. The atmosphere was calm, classy, and welcoming the moment I arrived, and the staff were friendly, helpful, and respectful throughout my stay.

Check-in was smooth and stress-free, and I immediately noticed how clean and beautiful the hotel looked. My room was spacious, neat, and very comfortable. The bed was soft, the lighting felt warm and relaxing, and everything in the room was arranged thoughtfully. Housekeeping also did a great job keeping the room fresh and spotless every day.",2026,,,,
Ci9DQUlRQUNvZENodHljRjlvT2pGa2FqSmhVekZZWVhaeldXeFVWVjlQZURaQmNHYxAB,0x103b921776d4cd3f:0,Edobong Akpabio,0.0,"I love the event halls. They are comfortable. Above all, the space for car parking is awesome 😎",2026-06-01 15:03:22+00:00,"3 weeks ago on
Google",0,[],,https://www.google.com/maps/contrib/109747702276323144788/reviews?hl=en,https://lh3.googleusercontent.com/a-/ALV-UjXGsRLOHxtHzOpT9CMbgIu4-iwPIao8nmMYhhEEZWGBFbcwVsCx=w36-h36-p-rp-mo-ba12-br100,,{},2026-06-22T15:03:22.575802+00:00,2026-06-22T15:03:22.575802+00:00,1.0,1.0,0,d39253cecdde021976657f123b7c4490d7c8170b343ef53676ad68c3c85ba2f8,3d3bc3d06f185da393e78bc15e715efd29d420d0d7f06c873ef812cfaee116b4,1.0,{},,2026,Room Related,0.7499,LABEL_1,0.9998
Ci9DQUlRQUNvZENodHljRjlvT21Gb2RXdG9VMWhJVTNWUlprbzFkM1JsUVZSVGJIYxAB,0x103b921776d4cd3f:0,Fatima muhammad,0.0,Omo the place just dey ooo so cool,2026-06-01 15:03:40+00:00,"3 weeks ago on
Google",0,[],,https://www.google.com/maps/contrib/110972912867255089295/reviews?hl=en,https://lh3.googleusercontent.com/a-/ALV-UjWYQNLcHusy1Dq1YsMcR3xkBA1uKqGozR9RLXjPDle684cZQPmZ=w36-h36-p-rp-mo-br100,,{},2026-06-22T15:03:40.630775+00:00,2026-06-22T15:03:40.630775+00:00,1.0,1.0,0,9c725ff5abea6e44094badb3b668f5138d95eb1882ff6f6b6c5ab710d643523e,3d3bc3d06f185da393e78bc15e715efd29d420d0d7f06c873ef812cfaee116b4,1.0,{},,2026,Room Related,0.4904,LABEL_1,0.9998
Ci9DQUlRQUNvZENodHljRjlvT20xak1GTlBPVkpJU0Raek5VMHlWVWxNVW5OYVlVRRAB,0x103b921776d4cd3f:0,'tuoyo Arenyeka,0.0,Excellent customer service 👍,2026-06-01 15:05:21+00:00,"3 weeks ago on
Google",0,[],,https://www.google.com/maps/contrib/114311843348959979490/reviews?hl=en,https://lh3.googleusercontent.com/a/ACg8ocI1PYFXxFW3x4S4vneQu2fUfNKO6QdhzIeGeh7SzRPnrJjC9g=w36-h36-p-rp-mo-ba12-br100,,{},2026-06-22T15:05:21.119639+00:00,2026-06-22T15:05:21.119639+00:00,1.0,1.0,0,6ad05b8eb24f2b814b74bd667ad732e0d364d9557132cd7bc06ee7a9a9a02dbe,3d3bc3d06f185da393e78bc15e715efd29d420d0d7f06c873ef812cfaee116b4,1.0,{},,2026,Services Related,0.741,LABEL_1,0.9997
Ci9DQUlRQUNvZENodHljRjlvT25admFFTmpReTF5UTBORE4zbGZVa0o0UW1STVdsRRAB,0x103b921776d4cd3f:0,Wisdom Stuntz,0.0,Wonderful staff service,2026-06-01 15:05:27+00:00,"3 weeks ago on
Google",0,[],,https://www.google.com/maps/contrib/111564741952080773551/reviews?hl=en,https://lh3.googleusercontent.com/a-/ALV-UjVOTvYPYoyGfhgNJPEXoGCG3ldnbrcdQUXh7P4R85RicS4ewjl8=w36-h36-p-rp-mo-br100,,{},2026-06-22T15:05:27.662230+00:00,2026-06-22T15:05:27.662230+00:00,1.0,1.0,0,f28845678ff1632b1e5b274f3c61a321916beffbec03f018bed6df55fc73ad86,3d3bc3d06f185da393e78bc15e715efd29d420d0d7f06c873ef812cfaee116b4,1.0,{},,2026,Staff Related,0.6569,LABEL_1,0.9998
Ci9DQUlRQUNvZENodHljRjlvT2psQmJWOWlTWGhHV1RCWGJXcDZiV3N3WlZaS1NVRRAB,0x103b921776d4cd3f:0,Boluwatife Owogold,0.0,Good ambiance,2026-06-01 15:12:20+00:00,"3 weeks ago on
Google",0,[],,https://www.google.com/maps/contrib/103138114735930226335/reviews?hl=en,https://lh3.googleusercontent.com/a/ACg8ocJpiZj4HO9fm5m-gJwvzZEhUn5jdTiJrfNxVMN5yeC2Fo40Tg=w36-h36-p-rp-mo-br100,,{},2026-06-22T15:12:21.052174+00:00,2026-06-22T15:12:21.052174+00:00,1.0,1.0,0,636ad9e94f643dac02368726c9bddbea21792e03af74b3b1f8cf9d1552c98d55,3d3bc3d06f185da393e78bc15e715efd29d420d0d7f06c873ef812cfaee116b4,1.0,{},,2026,Room Related,0.5318,LABEL_1,0.9998
Ci9DQUlRQUNvZENodHljRjlvT21SbVMwMHdiSEpTU0VaV1FqbHVaM2czY25SRE5GRRAB,0x103b921776d4cd3f:0,Apeh Kennedy (Kenzzyofficial),0.0,It a lovely place to visit,2026-06-08 15:04:49+00:00,"Edited 2 weeks ago on
Google",0,"[""https://lh3.googleusercontent.com/grass-cs/ANxoTn2MISB5xjcdAW67sFwfvqUU93pU1oVYjKous6uXEV2sRTMp96WNPAPeLskfL69SvwZ4RioHteVKbqmkCmm3WO8yc5S9MO24gqut5ksngX8eB2fen589o_n5Dw-lgbdBfS9w3nTOBzmu8dI=w600-h450-p-k-no""]",,https://www.google.com/maps/contrib/117517693587578404247/reviews?hl=en,https://lh3.googleusercontent.com/a-/ALV-UjW0MXb_e6Jbi_s9v8UmNBRJnWHUQZveFnS8bBp3tQB7Xr1NRwI=w36-h36-p-rp-mo-ba12-br100,,{},2026-06-22T15:04:49.187773+00:00,2026-06-22T15:04:49.187773+00:00,1.0,1.0,0,be312260f594d9e89c6ee5f4c816ce846545546a6a75f872f5279c92777dbbda,3d3bc3d06f185da393e78bc15e715efd29d420d0d7f06c873ef812cfaee116b4,1.0,{},,2026,Room Related,0.5562,LABEL_1,0.9998
Ci9DQUlRQUNvZENodHljRjlvT21wbVJtNVBTRTlRUW04dE1VWlZRazFvYVhSSFIwRRAB,0x103b921776d4cd3f:0,Scapecity Exclusive Ng,0.0,Beautiful place😍 …,2026-06-08 15:08:58+00:00,"2 weeks ago on
Google",0,[],,https://www.google.com/maps/contrib/112994750777191426135/reviews?hl=en,https://lh3.googleusercontent.com/a-/ALV-UjWetq_NMVD4C8B26AJ4KEge-8qecUFTQ0WoQl2lGH6SEV4p0wSL=w36-h36-p-rp-mo-ba12-br100,,{},2026-06-22T15:08:58.634876+00:00,2026-06-22T15:08:58.634876+00:00,1.0,1.0,0,f4b58256581a2a1cd59b8fe3d71b96407d1674556dc1eef361e95d1dbc848aeb,3d3bc3d06f185da393e78bc15e715efd29d420d0d7f06c873ef812cfaee116b4,1.0,{},,2026,Room Related,0.4705,LABEL_1,0.9997
Ci9DQUlRQUNvZENodHljRjlvT2xkaVVGaDNaWFo0YVRGUlNEWkxhMGx1TUd0aVVrRRAB,0x103b921776d4cd3f:0,DapoKING Films,0.0,Good service,2026-06-08 15:20:23+00:00,"2 weeks ago on
Google",0,[],,https://www.google.com/maps/contrib/107113752228725925397/reviews?hl=en,https://lh3.googleusercontent.com/a-/ALV-UjWeWzRQe6G02RgDFXaTvIiplnukIvrUmPMgMDWUTaO6yFurEdM1eA=w36-h36-p-rp-mo-br100,,{},2026-06-22T15:20:23.469332+00:00,2026-06-22T15:20:23.469332+00:00,1.0,1.0,0,33593e1bebd437baae149447a2dced7009e1cdd9d274d9ed837e1d0a1d5b148a,3d3bc3d06f185da393e78bc15e715efd29d420d0d7f06c873ef812cfaee116b4,1.0,{},,2026,Services Related,0.8855,LABEL_1,0.9997
Ci9DQUlRQUNvZENodHljRjlvT2tsR05ISXlabXhCZWs0M1JuVlBMVWxIUWtsTU5VRRAB,0x103b921776d4cd3f:0,TAOFEEK JINADU,0.0,Exciting,2026-06-08 15:30:50+00:00,"2 weeks ago on
Google",0,[],,https://www.google.com/maps/contrib/109723399585971602153/reviews?hl=en,https://lh3.googleusercontent.com/a/ACg8ocJGBO1aUmB0FP1m-Ryw3ypJMVX2zm8Kk1W8v_I-zaMkXTd4xg=w36-h36-p-rp-mo-br100,,{},2026-06-22T15:30:50.261176+00:00,2026-06-22T15:30:50.261176+00:00,1.0,1.0,0,86d7b368899f646dbf25f9e86a3ac14c983f6619ca1f058789fd125f1c2efbb8,3d3bc3d06f185da393e78bc15e715efd29d420d0d7f06c873ef812cfaee116b4,1.0,{},,2026,Room Related,0.3205,LABEL_1,0.9997
Ci9DQUlRQUNvZENodHljRjlvT21wd1JXdHJOelJmTFVkWE0yTnBOV1pLWDNnelNWRRAB,0x103b921776d4cd3f:0,De Bernard KOUADIO,0.0,Need To improove,2026-06-08 15:32:19+00:00,"2 weeks ago on
Google",0,[],,https://www.google.com/maps/contrib/112877055980484838731/reviews?hl=en,https://lh3.googleusercontent.com/a-/ALV-UjV13eAiUbbnjv4QhZkGbuZSXiIjnXD-V6HyCv9HnY5XncfmsU8H=w36-h36-p-rp-mo-br100,,{},2026-06-22T15:32:19.453488+00:00,2026-06-22T15:32:19.453488+00:00,1.0,1.0,0,dc3175b859a98c4db2cf3f3e026e8ed180a0b259c57b1651906aa180b88bf547,3d3bc3d06f185da393e78bc15e715efd29d420d0d7f06c873ef812cfaee116b4,1.0,{},,2026,Room Related,0.3572,LABEL_0,0.8729
Ci9DQUlRQUNvZENodHljRjlvT21wdE1HaERjbkp5YTB4NFZtNTFNbGd5U0Rkdk4yYxAB,0x103b921776d4cd3f:0,W . Samari.,0.0,"You dey whine, This hotel is For the Big Men that wants a coded paril but whith a 5 star Hotel",2026-06-15 15:03:41+00:00,"a week ago on
Google",0,"[""https://lh3.googleusercontent.com/grass-cs/ANxoTn0mHJTR8YKU5-us_5LbgarvG6ao9ErbEDpKvnbtg_2hndRju37Lr5AwbXpRuLP8T6iFBLmxO1TRNJSzo7lh1JjTBor4TlKw4y65rLg5No20sQXhaGSozfggEZ5cVHiqbIgGNPtXDPRSahuK=w300-h450-p-k-no"", ""https://lh3.googleusercontent.com/grass-cs/ANxoTn3Pq76WRbCKm4PPGtfcJ-Q_AGcxBdiQT86fEJHuqrAX7lvd-RwJ5u-ta7n8yXAsxHFWserCPB0miO2XHePxZfIKb8AczwESEe6YyVmhKcX45aBkwtQYcxQrtD9l0KYCoXuR6ieW-QEraAQQ=w300-h450-p-k-no""]",,https://www.google.com/maps/contrib/112124105468950493340/reviews?hl=en,https://lh3.googleusercontent.com/a-/ALV-UjUpRNgDHFx90QhFK0teyC3CHGK6gN-Pjln9kDcrRk_W_Sd_oADK=w36-h36-p-rp-mo-ba12-br100,,{},2026-06-22T15:03:41.431652+00:00,2026-06-22T15:03:41.431652+00:00,1.0,1.0,0,da1f066dbde74969d996dcf3f96331de510a9e6951a9557b2526ea7567958f85,3d3bc3d06f185da393e78bc15e715efd29d420d0d7f06c873ef812cfaee116b4,1.0,{},,2026,Room Related,0.5521,LABEL_0,0.9995
